,Video ID,Title,Link,No. of comments,Top word,Top Freq,Top comments,TextBlob (mean),TextBlob (stdev)
0,Video1,Are Smart Wearables Falling Short Of Expectations? | What‚Äôs The Big Deal? | Full Episode,https://www.youtube.com/watch?v=qkNz5_Lh3mA,10,form,3,2,-0.02,0.54
1,Video1,Are Smart Wearables Falling Short Of Expectations? | What‚Äôs The Big Deal? | Full Episode,https://www.youtube.com/watch?v=qkNz5_Lh3mA,10,trainer,2,1,0.36,NA
2,Video1,Are Smart Wearables Falling Short Of Expectations? | What‚Äôs The Big Deal? | Full Episode,https://www.youtube.com/watch?v=qkNz5_Lh3mA,10,check,2,1,0.36,NA
3,Video1,Are Smart Wearables Falling Short Of Expectations? | What‚Äôs The Big Deal? | Full Episode,https://www.youtube.com/watch?v=qkNz5_Lh3mA,10,need,2,2,0.18,0.25
4,Video1,Are Smart Wearables Falling Short Of Expectations? | What‚Äôs The Big Deal? | Full Episode,https://www.youtube.com/watch?v=qkNz5_Lh3mA,10,phone,2,1,0.36,NA
5,Video1,Are Smart Wearables Falling Short Of Expectations? | What‚Äôs The Big Deal? | Full Episode,https://www.youtube.com/watch?v=qkNz5_Lh3mA,10,amp,2,1,0.36,NA
6,Video1,Are Smart Wearables Falling Short Of Expectations? | What‚Äôs The Big Deal? | Full Episode,https://www.youtube.com/watch?v=qkNz5_Lh3mA,10,press,2,1,0.0,NA
7,Video1,Are Smart Wearables Falling Short Of Expectations? | What‚Äôs The Big Deal? | Full Episode,https://www.youtube.com/watch?v=qkNz5_Lh3mA,10,trainer probably,1,1,0.36,NA
8,Video1,Are Smart Wearables Falling Short Of Expectations? | What‚Äôs The Big Deal? | Full Episode,https://www.youtube.com/watch?v=qkNz5_Lh3mA,10,trainer probably using,1,1,0.36,NA
9,Video1,Are Smart Wearables Falling Short Of Expectations? | What‚Äôs The Big Deal? | Full Episode,https://www.youtube.com/watch?v=qkNz5_Lh3mA,10,trainer probably using eye,1,1,0.36,NA
10,Video1,Are Smart Wearables Falling Short Of Expectations? | What‚Äôs The Big Deal? | Full Episode,https://www.youtube.com/watch?v=qkNz5_Lh3mA,10,trainer probably using eye ball,1,1,0.36,NA
11,Video1,Are Smart Wearables Falling Short Of Expectations? | What‚Äôs The Big Deal? | Full Episode,https://www.youtube.com/watch?v=qkNz5_Lh3mA,10,probably,1,1,0.36,NA
12,Video1,Are Smart Wearables Falling Short Of Expectations? | What‚Äôs The Big Deal? | Full Episode,https://www.youtube.com/watch?v=qkNz5_Lh3mA,10,probably using,1,1,0.36,NA
13,Video1,Are Smart Wearables Falling Short Of Expectations? | What‚Äôs The Big Deal? | Full Episode,https://www.youtube.com/watch?v=qkNz5_Lh3mA,10,probably using eye,1,1,0.36,NA
14,Video1,Are Smart Wearables Falling Short Of Expectations? | What‚Äôs The Big Deal? | Full Episode,https://www.youtube.com/watch?v=qkNz5_Lh3mA,10,probably using eye ball,1,1,0.36,NA
15,Video1,Are Smart Wearables Falling Short Of Expectations? | What‚Äôs The Big Deal? | Full Episode,https://www.youtube.com/watch?v=qkNz5_Lh3mA,10,probably using eye ball technique,1,1,0.36,NA
16,Video1,Are Smart Wearables Falling Short Of Expectations? | What‚Äôs The Big Deal? | Full Episode,https://www.youtube.com/watch?v=qkNz5_Lh3mA,10,using,1,1,0.36,NA
17,Video1,Are Smart Wearables Falling Short Of Expectations? | What‚Äôs The Big Deal? | Full Episode,https://www.youtube.com/watch?v=qkNz5_Lh3mA,10,using eye,1,1,0.36,NA
18,Video1,Are Smart Wearables Falling Short Of Expectations? | What‚Äôs The Big Deal? | Full Episode,https://www.youtube.com/watch?v=qkNz5_Lh3mA,10,using eye ball,1,1,0.36,NA
19,Video1,Are Smart Wearables Falling Short Of Expectations? | What‚Äôs The Big Deal? | Full Episode,https://www.youtube.com/watch?v=qkNz5_Lh3mA,10,using eye ball technique,1,1,0.36,NA
20,Video1,Are Smart Wearables Falling Short Of Expectations? | What‚Äôs The Big Deal? | Full Episode,https://www.youtube.com/watch?v=qkNz5_Lh3mA,10,using eye ball technique check,1,1,0.36,NA
21,Video1,Are Smart Wearables Falling Short Of Expectations? | What‚Äôs The Big Deal? | Full Episode,https://www.youtube.com/watch?v=qkNz5_Lh3mA,10,eye,1,1,0.36,NA
22,Video1,Are Smart Wearables Falling Short Of Expectations? | What‚Äôs The Big Deal? | Full Episode,https://www.youtube.com/watch?v=qkNz5_Lh3mA,10,eye ball,1,1,0.36,NA
23,Video1,Are Smart Wearables Falling Short Of Expectations? | What‚Äôs The Big Deal? | Full Episode,https://www.youtube.com/watch?v=qkNz5_Lh3mA,10,eye ball technique,1,1,0.36,NA
24,Video1,Are Smart Wearables Falling Short Of Expectations? | What‚Äôs The Big Deal? | Full Episode,https://www.youtube.com/watch?v=qkNz5_Lh3mA,10,eye ball technique check,1,1,0.36,NA
25,Video1,Are Smart Wearables Falling Short Of Expectations? | What‚Äôs The Big Deal? | Full Episode,https://www.youtube.com/watch?v=qkNz5_Lh3mA,10,eye ball technique check form,1,1,0.36,NA
26,Video1,Are Smart Wearables Falling Short Of Expectations? | What‚Äôs The Big Deal? | Full Episode,https://www.youtube.com/watch?v=qkNz5_Lh3mA,10,ball,1,1,0.36,NA
27,Video1,Are Smart Wearables Falling Short Of Expectations? | What‚Äôs The Big Deal? | Full Episode,https://www.youtube.com/watch?v=qkNz5_Lh3mA,10,ball technique,1,1,0.36,NA
28,Video1,Are Smart Wearables Falling Short Of Expectations? | What‚Äôs The Big Deal? | Full Episode,https://www.youtube.com/watch?v=qkNz5_Lh3mA,10,ball technique check,1,1,0.36,NA
29,Video1,Are Smart Wearables Falling Short Of Expectations? | What‚Äôs The Big Deal? | Full Episode,https://www.youtube.com/watch?v=qkNz5_Lh3mA,10,ball technique check form,1,1,0.36,NA
30,Video2,10 best wearable technology 2022,https://www.youtube.com/watch?v=DQ3_bdwltq0,6,like,1,1,0.0,NA
31,Video2,10 best wearable technology 2022,https://www.youtube.com/watch?v=DQ3_bdwltq0,6,like wateva,1,1,0.0,NA
32,Video2,10 best wearable technology 2022,https://www.youtube.com/watch?v=DQ3_bdwltq0,6,like wateva wearable,1,1,0.0,NA
33,Video2,10 best wearable technology 2022,https://www.youtube.com/watch?v=DQ3_bdwltq0,6,like wateva wearable would,1,1,0.0,NA
34,Video2,10 best wearable technology 2022,https://www.youtube.com/watch?v=DQ3_bdwltq0,6,like wateva wearable would make,1,1,0.0,NA
35,Video2,10 best wearable technology 2022,https://www.youtube.com/watch?v=DQ3_bdwltq0,6,wateva,1,1,0.0,NA
36,Video2,10 best wearable technology 2022,https://www.youtube.com/watch?v=DQ3_bdwltq0,6,wateva wearable,1,1,0.0,NA
37,Video2,10 best wearable technology 2022,https://www.youtube.com/watch?v=DQ3_bdwltq0,6,wateva wearable would,1,1,0.0,NA
38,Video2,10 best wearable technology 2022,https://www.youtube.com/watch?v=DQ3_bdwltq0,6,wateva wearable would make,1,1,0.0,NA
39,Video2,10 best wearable technology 2022,https://www.youtube.com/watch?v=DQ3_bdwltq0,6,wateva wearable would make meditation,1,1,0.0,NA
40,Video2,10 best wearable technology 2022,https://www.youtube.com/watch?v=DQ3_bdwltq0,6,wearable,1,1,0.0,NA
41,Video2,10 best wearable technology 2022,https://www.youtube.com/watch?v=DQ3_bdwltq0,6,wearable would,1,1,0.0,NA
42,Video2,10 best wearable technology 2022,https://www.youtube.com/watch?v=DQ3_bdwltq0,6,wearable would make,1,1,0.0,NA
43,Video2,10 best wearable technology 2022,https://www.youtube.com/watch?v=DQ3_bdwltq0,6,wearable would make meditation,1,1,0.0,NA
44,Video2,10 best wearable technology 2022,https://www.youtube.com/watch?v=DQ3_bdwltq0,6,wearable would make meditation traveling,1,1,0.0,NA
45,Video2,10 best wearable technology 2022,https://www.youtube.com/watch?v=DQ3_bdwltq0,6,would,1,1,0.0,NA
46,Video2,10 best wearable technology 2022,https://www.youtube.com/watch?v=DQ3_bdwltq0,6,would make,1,1,0.0,NA
47,Video2,10 best wearable technology 2022,https://www.youtube.com/watch?v=DQ3_bdwltq0,6,would make meditation,1,1,0.0,NA
48,Video2,10 best wearable technology 2022,https://www.youtube.com/watch?v=DQ3_bdwltq0,6,would make meditation traveling,1,1,0.0,NA
49,Video2,10 best wearable technology 2022,https://www.youtube.com/watch?v=DQ3_bdwltq0,6,would make meditation traveling easier,1,1,0.0,NA
50,Video2,10 best wearable technology 2022,https://www.youtube.com/watch?v=DQ3_bdwltq0,6,make,1,1,0.0,NA
51,Video2,10 best wearable technology 2022,https://www.youtube.com/watch?v=DQ3_bdwltq0,6,make meditation,1,1,0.0,NA
52,Video2,10 best wearable technology 2022,https://www.youtube.com/watch?v=DQ3_bdwltq0,6,make meditation traveling,1,1,0.0,NA
53,Video2,10 best wearable technology 2022,https://www.youtube.com/watch?v=DQ3_bdwltq0,6,make meditation traveling easier,1,1,0.0,NA
54,Video2,10 best wearable technology 2022,https://www.youtube.com/watch?v=DQ3_bdwltq0,6,make meditation traveling easier imagine,1,0,NA,NA
55,Video2,10 best wearable technology 2022,https://www.youtube.com/watch?v=DQ3_bdwltq0,6,meditation,1,1,0.0,NA
56,Video2,10 best wearable technology 2022,https://www.youtube.com/watch?v=DQ3_bdwltq0,6,meditation traveling,1,1,0.0,NA
57,Video2,10 best wearable technology 2022,https://www.youtube.com/watch?v=DQ3_bdwltq0,6,meditation traveling easier,1,1,0.0,NA
58,Video2,10 best wearable technology 2022,https://www.youtube.com/watch?v=DQ3_bdwltq0,6,meditation traveling easier imagine,1,0,NA,NA
59,Video2,10 best wearable technology 2022,https://www.youtube.com/watch?v=DQ3_bdwltq0,6,meditation traveling easier imagine giving,1,0,NA,NA
60,Video3,5 Tips for Beginners in DIY Wearables,https://www.youtube.com/watch?v=uOepNMAYLyI,15,know,4,2,0.35,0.49
61,Video3,5 Tips for Beginners in DIY Wearables,https://www.youtube.com/watch?v=uOepNMAYLyI,15,wearable,4,3,0.37,0.35
62,Video3,5 Tips for Beginners in DIY Wearables,https://www.youtube.com/watch?v=uOepNMAYLyI,15,learning,4,3,0.39,0.36
63,Video3,5 Tips for Beginners in DIY Wearables,https://www.youtube.com/watch?v=uOepNMAYLyI,15,hi,3,3,0.12,0.3
64,Video3,5 Tips for Beginners in DIY Wearables,https://www.youtube.com/watch?v=uOepNMAYLyI,15,good,3,2,0.58,0.16
65,Video3,5 Tips for Beginners in DIY Wearables,https://www.youtube.com/watch?v=uOepNMAYLyI,15,becky,3,2,0.24,0.48
66,Video3,5 Tips for Beginners in DIY Wearables,https://www.youtube.com/watch?v=uOepNMAYLyI,15,learning system,3,2,0.35,0.49
67,Video3,5 Tips for Beginners in DIY Wearables,https://www.youtube.com/watch?v=uOepNMAYLyI,15,system,3,2,0.35,0.49
68,Video3,5 Tips for Beginners in DIY Wearables,https://www.youtube.com/watch?v=uOepNMAYLyI,15,make,3,3,0.47,0.4
69,Video3,5 Tips for Beginners in DIY Wearables,https://www.youtube.com/watch?v=uOepNMAYLyI,15,get,2,2,0.28,0.26
70,Video3,5 Tips for Beginners in DIY Wearables,https://www.youtube.com/watch?v=uOepNMAYLyI,15,way,2,2,0.23,0.33
71,Video3,5 Tips for Beginners in DIY Wearables,https://www.youtube.com/watch?v=uOepNMAYLyI,15,would,2,2,0.23,0.33
72,Video3,5 Tips for Beginners in DIY Wearables,https://www.youtube.com/watch?v=uOepNMAYLyI,15,arduino,2,2,0.23,0.33
73,Video3,5 Tips for Beginners in DIY Wearables,https://www.youtube.com/watch?v=uOepNMAYLyI,15,many,2,2,0.54,0.05
74,Video3,5 Tips for Beginners in DIY Wearables,https://www.youtube.com/watch?v=uOepNMAYLyI,15,developer,2,2,0.35,0.49
75,Video3,5 Tips for Beginners in DIY Wearables,https://www.youtube.com/watch?v=uOepNMAYLyI,15,something,2,1,0.7,NA
76,Video3,5 Tips for Beginners in DIY Wearables,https://www.youtube.com/watch?v=uOepNMAYLyI,15,get sunrise,1,1,0.1,NA
77,Video3,5 Tips for Beginners in DIY Wearables,https://www.youtube.com/watch?v=uOepNMAYLyI,15,get sunrise flag,1,1,0.1,NA
78,Video3,5 Tips for Beginners in DIY Wearables,https://www.youtube.com/watch?v=uOepNMAYLyI,15,get sunrise flag display,1,1,0.1,NA
79,Video3,5 Tips for Beginners in DIY Wearables,https://www.youtube.com/watch?v=uOepNMAYLyI,15,get sunrise flag display near,1,1,0.0,NA
80,Video3,5 Tips for Beginners in DIY Wearables,https://www.youtube.com/watch?v=uOepNMAYLyI,15,sunrise,1,1,0.1,NA
81,Video3,5 Tips for Beginners in DIY Wearables,https://www.youtube.com/watch?v=uOepNMAYLyI,15,sunrise flag,1,1,0.1,NA
82,Video3,5 Tips for Beginners in DIY Wearables,https://www.youtube.com/watch?v=uOepNMAYLyI,15,sunrise flag display,1,1,0.1,NA
83,Video3,5 Tips for Beginners in DIY Wearables,https://www.youtube.com/watch?v=uOepNMAYLyI,15,sunrise flag display near,1,1,0.0,NA
84,Video3,5 Tips for Beginners in DIY Wearables,https://www.youtube.com/watch?v=uOepNMAYLyI,15,sunrise flag display near dining,1,1,0.0,NA
85,Video3,5 Tips for Beginners in DIY Wearables,https://www.youtube.com/watch?v=uOepNMAYLyI,15,flag,1,1,0.1,NA
86,Video3,5 Tips for Beginners in DIY Wearables,https://www.youtube.com/watch?v=uOepNMAYLyI,15,flag display,1,1,0.1,NA
87,Video3,5 Tips for Beginners in DIY Wearables,https://www.youtube.com/watch?v=uOepNMAYLyI,15,flag display near,1,1,0.0,NA
88,Video3,5 Tips for Beginners in DIY Wearables,https://www.youtube.com/watch?v=uOepNMAYLyI,15,flag display near dining,1,1,0.0,NA
89,Video3,5 Tips for Beginners in DIY Wearables,https://www.youtube.com/watch?v=uOepNMAYLyI,15,flag display near dining room,1,1,0.0,NA
90,Video4,Wearable Technologies: The New Normal in Healthcare | Noushin Nasiri | TEDxBlighStreet,https://www.youtube.com/watch?v=WN28MKAK-fA,11,sound,5,4,0.34,0.12
91,Video4,Wearable Technologies: The New Normal in Healthcare | Noushin Nasiri | TEDxBlighStreet,https://www.youtube.com/watch?v=WN28MKAK-fA,11,using,3,2,0.47,0.09
92,Video4,Wearable Technologies: The New Normal in Healthcare | Noushin Nasiri | TEDxBlighStreet,https://www.youtube.com/watch?v=WN28MKAK-fA,11,hear,2,1,0.0,NA
93,Video4,Wearable Technologies: The New Normal in Healthcare | Noushin Nasiri | TEDxBlighStreet,https://www.youtube.com/watch?v=WN28MKAK-fA,11,audio,2,2,0.0,0.0
94,Video4,Wearable Technologies: The New Normal in Healthcare | Noushin Nasiri | TEDxBlighStreet,https://www.youtube.com/watch?v=WN28MKAK-fA,11,elon,2,1,0.15,NA
95,Video4,Wearable Technologies: The New Normal in Healthcare | Noushin Nasiri | TEDxBlighStreet,https://www.youtube.com/watch?v=WN28MKAK-fA,11,reptilian,2,1,0.15,NA
96,Video4,Wearable Technologies: The New Normal in Healthcare | Noushin Nasiri | TEDxBlighStreet,https://www.youtube.com/watch?v=WN28MKAK-fA,11,followsm,2,1,0.53,NA
97,Video4,Wearable Technologies: The New Normal in Healthcare | Noushin Nasiri | TEDxBlighStreet,https://www.youtube.com/watch?v=WN28MKAK-fA,11,followsm com,2,1,0.53,NA
98,Video4,Wearable Technologies: The New Normal in Healthcare | Noushin Nasiri | TEDxBlighStreet,https://www.youtube.com/watch?v=WN28MKAK-fA,11,com,2,1,0.53,NA
99,Video4,Wearable Technologies: The New Normal in Healthcare | Noushin Nasiri | TEDxBlighStreet,https://www.youtube.com/watch?v=WN28MKAK-fA,11,getting,2,1,0.53,NA
100,Video4,Wearable Technologies: The New Normal in Healthcare | Noushin Nasiri | TEDxBlighStreet,https://www.youtube.com/watch?v=WN28MKAK-fA,11,subscriber,2,1,0.53,NA
101,Video4,Wearable Technologies: The New Normal in Healthcare | Noushin Nasiri | TEDxBlighStreet,https://www.youtube.com/watch?v=WN28MKAK-fA,11,sound issue,2,1,0.05,NA
102,Video4,Wearable Technologies: The New Normal in Healthcare | Noushin Nasiri | TEDxBlighStreet,https://www.youtube.com/watch?v=WN28MKAK-fA,11,issue,2,1,0.4,NA
103,Video4,Wearable Technologies: The New Normal in Healthcare | Noushin Nasiri | TEDxBlighStreet,https://www.youtube.com/watch?v=WN28MKAK-fA,11,hear audio,1,1,0.0,NA
104,Video4,Wearable Technologies: The New Normal in Healthcare | Noushin Nasiri | TEDxBlighStreet,https://www.youtube.com/watch?v=WN28MKAK-fA,11,hear audio know,1,1,0.0,NA
105,Video4,Wearable Technologies: The New Normal in Healthcare | Noushin Nasiri | TEDxBlighStreet,https://www.youtube.com/watch?v=WN28MKAK-fA,11,hear audio know others,1,1,0.0,NA
106,Video4,Wearable Technologies: The New Normal in Healthcare | Noushin Nasiri | TEDxBlighStreet,https://www.youtube.com/watch?v=WN28MKAK-fA,11,hear audio know others hear,1,1,0.0,NA
107,Video4,Wearable Technologies: The New Normal in Healthcare | Noushin Nasiri | TEDxBlighStreet,https://www.youtube.com/watch?v=WN28MKAK-fA,11,audio know,1,1,0.0,NA
108,Video4,Wearable Technologies: The New Normal in Healthcare | Noushin Nasiri | TEDxBlighStreet,https://www.youtube.com/watch?v=WN28MKAK-fA,11,audio know others,1,1,0.0,NA
109,Video4,Wearable Technologies: The New Normal in Healthcare | Noushin Nasiri | TEDxBlighStreet,https://www.youtube.com/watch?v=WN28MKAK-fA,11,audio know others hear,1,1,0.0,NA
110,Video4,Wearable Technologies: The New Normal in Healthcare | Noushin Nasiri | TEDxBlighStreet,https://www.youtube.com/watch?v=WN28MKAK-fA,11,audio know others hear sound,1,0,NA,NA
111,Video4,Wearable Technologies: The New Normal in Healthcare | Noushin Nasiri | TEDxBlighStreet,https://www.youtube.com/watch?v=WN28MKAK-fA,11,know,1,1,0.0,NA
112,Video4,Wearable Technologies: The New Normal in Healthcare | Noushin Nasiri | TEDxBlighStreet,https://www.youtube.com/watch?v=WN28MKAK-fA,11,know others,1,1,0.0,NA
113,Video4,Wearable Technologies: The New Normal in Healthcare | Noushin Nasiri | TEDxBlighStreet,https://www.youtube.com/watch?v=WN28MKAK-fA,11,know others hear,1,1,0.0,NA
114,Video4,Wearable Technologies: The New Normal in Healthcare | Noushin Nasiri | TEDxBlighStreet,https://www.youtube.com/watch?v=WN28MKAK-fA,11,know others hear sound,1,0,NA,NA
115,Video4,Wearable Technologies: The New Normal in Healthcare | Noushin Nasiri | TEDxBlighStreet,https://www.youtube.com/watch?v=WN28MKAK-fA,11,know others hear sound maim,1,0,NA,NA
116,Video4,Wearable Technologies: The New Normal in Healthcare | Noushin Nasiri | TEDxBlighStreet,https://www.youtube.com/watch?v=WN28MKAK-fA,11,others,1,1,0.0,NA
117,Video4,Wearable Technologies: The New Normal in Healthcare | Noushin Nasiri | TEDxBlighStreet,https://www.youtube.com/watch?v=WN28MKAK-fA,11,others hear,1,1,0.0,NA
118,Video4,Wearable Technologies: The New Normal in Healthcare | Noushin Nasiri | TEDxBlighStreet,https://www.youtube.com/watch?v=WN28MKAK-fA,11,others hear sound,1,0,NA,NA
119,Video4,Wearable Technologies: The New Normal in Healthcare | Noushin Nasiri | TEDxBlighStreet,https://www.youtube.com/watch?v=WN28MKAK-fA,11,others hear sound maim,1,0,NA,NA
120,Video5,How wearable technology will change our lives | Gonzalo Tudela | TEDxSFU,https://www.youtube.com/watch?v=u8tnYt30L-A,29,would,4,3,0.31,0.27
121,Video5,How wearable technology will change our lives | Gonzalo Tudela | TEDxSFU,https://www.youtube.com/watch?v=u8tnYt30L-A,29,life,3,2,-0.03,0.09
122,Video5,How wearable technology will change our lives | Gonzalo Tudela | TEDxSFU,https://www.youtube.com/watch?v=u8tnYt30L-A,29,interesting,3,3,0.36,0.17
123,Video5,How wearable technology will change our lives | Gonzalo Tudela | TEDxSFU,https://www.youtube.com/watch?v=u8tnYt30L-A,29,wearable,3,3,0.28,0.32
124,Video5,How wearable technology will change our lives | Gonzalo Tudela | TEDxSFU,https://www.youtube.com/watch?v=u8tnYt30L-A,29,health,2,2,0.19,0.22
125,Video5,How wearable technology will change our lives | Gonzalo Tudela | TEDxSFU,https://www.youtube.com/watch?v=u8tnYt30L-A,29,also,2,2,-0.03,0.04
126,Video5,How wearable technology will change our lives | Gonzalo Tudela | TEDxSFU,https://www.youtube.com/watch?v=u8tnYt30L-A,29,point,2,2,0.17,0.32
127,Video5,How wearable technology will change our lives | Gonzalo Tudela | TEDxSFU,https://www.youtube.com/watch?v=u8tnYt30L-A,29,bradzieee,2,2,0.0,0.0
128,Video5,How wearable technology will change our lives | Gonzalo Tudela | TEDxSFU,https://www.youtube.com/watch?v=u8tnYt30L-A,29,daniel,2,2,0.0,0.0
129,Video5,How wearable technology will change our lives | Gonzalo Tudela | TEDxSFU,https://www.youtube.com/watch?v=u8tnYt30L-A,29,daniel joshua,2,2,0.0,0.0
130,Video5,How wearable technology will change our lives | Gonzalo Tudela | TEDxSFU,https://www.youtube.com/watch?v=u8tnYt30L-A,29,joshua,2,2,0.0,0.0
131,Video5,How wearable technology will change our lives | Gonzalo Tudela | TEDxSFU,https://www.youtube.com/watch?v=u8tnYt30L-A,29,feel,2,2,0.0,0.0
132,Video5,How wearable technology will change our lives | Gonzalo Tudela | TEDxSFU,https://www.youtube.com/watch?v=u8tnYt30L-A,29,good,2,2,0.37,0.04
133,Video5,How wearable technology will change our lives | Gonzalo Tudela | TEDxSFU,https://www.youtube.com/watch?v=u8tnYt30L-A,29,wearable technology,2,2,0.16,0.34
134,Video5,How wearable technology will change our lives | Gonzalo Tudela | TEDxSFU,https://www.youtube.com/watch?v=u8tnYt30L-A,29,technology,2,2,0.16,0.34
135,Video5,How wearable technology will change our lives | Gonzalo Tudela | TEDxSFU,https://www.youtube.com/watch?v=u8tnYt30L-A,29,graph,2,1,0.53,NA
136,Video5,How wearable technology will change our lives | Gonzalo Tudela | TEDxSFU,https://www.youtube.com/watch?v=u8tnYt30L-A,29,adoption,2,2,0.44,0.13
137,Video5,How wearable technology will change our lives | Gonzalo Tudela | TEDxSFU,https://www.youtube.com/watch?v=u8tnYt30L-A,29,haha,2,2,0.2,0.0
138,Video5,How wearable technology will change our lives | Gonzalo Tudela | TEDxSFU,https://www.youtube.com/watch?v=u8tnYt30L-A,29,3,2,2,0.06,0.63
139,Video5,How wearable technology will change our lives | Gonzalo Tudela | TEDxSFU,https://www.youtube.com/watch?v=u8tnYt30L-A,29,ago,2,2,0.0,0.71
140,Video5,How wearable technology will change our lives | Gonzalo Tudela | TEDxSFU,https://www.youtube.com/watch?v=u8tnYt30L-A,29,1,2,1,0.0,NA
141,Video5,How wearable technology will change our lives | Gonzalo Tudela | TEDxSFU,https://www.youtube.com/watch?v=u8tnYt30L-A,29,2022,2,1,0.0,NA
142,Video5,How wearable technology will change our lives | Gonzalo Tudela | TEDxSFU,https://www.youtube.com/watch?v=u8tnYt30L-A,29,4,2,1,0.0,NA
143,Video5,How wearable technology will change our lives | Gonzalo Tudela | TEDxSFU,https://www.youtube.com/watch?v=u8tnYt30L-A,29,life causing,2,1,-0.09,NA
144,Video5,How wearable technology will change our lives | Gonzalo Tudela | TEDxSFU,https://www.youtube.com/watch?v=u8tnYt30L-A,29,causing,2,1,-0.09,NA
145,Video5,How wearable technology will change our lives | Gonzalo Tudela | TEDxSFU,https://www.youtube.com/watch?v=u8tnYt30L-A,29,impact,2,2,0.13,0.31
146,Video5,How wearable technology will change our lives | Gonzalo Tudela | TEDxSFU,https://www.youtube.com/watch?v=u8tnYt30L-A,29,apple,1,1,0.03,NA
147,Video5,How wearable technology will change our lives | Gonzalo Tudela | TEDxSFU,https://www.youtube.com/watch?v=u8tnYt30L-A,29,apple changed,1,1,0.03,NA
148,Video5,How wearable technology will change our lives | Gonzalo Tudela | TEDxSFU,https://www.youtube.com/watch?v=u8tnYt30L-A,29,apple changed life,1,1,0.03,NA
149,Video5,How wearable technology will change our lives | Gonzalo Tudela | TEDxSFU,https://www.youtube.com/watch?v=u8tnYt30L-A,29,apple changed life much,1,1,-0.13,NA
150,Video6,Top 10 Coolest Smart Wearables To Buy in 2023,https://www.youtube.com/watch?v=5gtsjkPiW3U,3,wow,1,1,0.1,NA
151,Video6,Top 10 Coolest Smart Wearables To Buy in 2023,https://www.youtube.com/watch?v=5gtsjkPiW3U,3,wow 10,1,0,NA,NA
152,Video6,Top 10 Coolest Smart Wearables To Buy in 2023,https://www.youtube.com/watch?v=5gtsjkPiW3U,3,wow 10 4,1,0,NA,NA
153,Video6,Top 10 Coolest Smart Wearables To Buy in 2023,https://www.youtube.com/watch?v=5gtsjkPiW3U,3,wow 10 4 bot,1,0,NA,NA
154,Video6,Top 10 Coolest Smart Wearables To Buy in 2023,https://www.youtube.com/watch?v=5gtsjkPiW3U,3,wow 10 4 bot unsubbed,1,0,NA,NA
155,Video6,Top 10 Coolest Smart Wearables To Buy in 2023,https://www.youtube.com/watch?v=5gtsjkPiW3U,3,10,1,1,0.0,NA
156,Video6,Top 10 Coolest Smart Wearables To Buy in 2023,https://www.youtube.com/watch?v=5gtsjkPiW3U,3,10 4,1,1,0.0,NA
157,Video6,Top 10 Coolest Smart Wearables To Buy in 2023,https://www.youtube.com/watch?v=5gtsjkPiW3U,3,10 4 bot,1,1,0.0,NA
158,Video6,Top 10 Coolest Smart Wearables To Buy in 2023,https://www.youtube.com/watch?v=5gtsjkPiW3U,3,10 4 bot unsubbed,1,1,0.0,NA
159,Video6,Top 10 Coolest Smart Wearables To Buy in 2023,https://www.youtube.com/watch?v=5gtsjkPiW3U,3,10 4 bot unsubbed really,1,0,NA,NA
160,Video6,Top 10 Coolest Smart Wearables To Buy in 2023,https://www.youtube.com/watch?v=5gtsjkPiW3U,3,4,1,1,0.0,NA
161,Video6,Top 10 Coolest Smart Wearables To Buy in 2023,https://www.youtube.com/watch?v=5gtsjkPiW3U,3,4 bot,1,1,0.0,NA
162,Video6,Top 10 Coolest Smart Wearables To Buy in 2023,https://www.youtube.com/watch?v=5gtsjkPiW3U,3,4 bot unsubbed,1,1,0.0,NA
163,Video6,Top 10 Coolest Smart Wearables To Buy in 2023,https://www.youtube.com/watch?v=5gtsjkPiW3U,3,4 bot unsubbed really,1,0,NA,NA
164,Video6,Top 10 Coolest Smart Wearables To Buy in 2023,https://www.youtube.com/watch?v=5gtsjkPiW3U,3,4 bot unsubbed really amazing,1,0,NA,NA
165,Video6,Top 10 Coolest Smart Wearables To Buy in 2023,https://www.youtube.com/watch?v=5gtsjkPiW3U,3,bot,1,1,0.0,NA
166,Video6,Top 10 Coolest Smart Wearables To Buy in 2023,https://www.youtube.com/watch?v=5gtsjkPiW3U,3,bot unsubbed,1,1,0.0,NA
167,Video6,Top 10 Coolest Smart Wearables To Buy in 2023,https://www.youtube.com/watch?v=5gtsjkPiW3U,3,bot unsubbed really,1,0,NA,NA
168,Video6,Top 10 Coolest Smart Wearables To Buy in 2023,https://www.youtube.com/watch?v=5gtsjkPiW3U,3,bot unsubbed really amazing,1,0,NA,NA
169,Video6,Top 10 Coolest Smart Wearables To Buy in 2023,https://www.youtube.com/watch?v=5gtsjkPiW3U,3,bot unsubbed really amazing usual,1,0,NA,NA
170,Video6,Top 10 Coolest Smart Wearables To Buy in 2023,https://www.youtube.com/watch?v=5gtsjkPiW3U,3,unsubbed,1,1,0.0,NA
171,Video6,Top 10 Coolest Smart Wearables To Buy in 2023,https://www.youtube.com/watch?v=5gtsjkPiW3U,3,unsubbed really,1,0,NA,NA
172,Video6,Top 10 Coolest Smart Wearables To Buy in 2023,https://www.youtube.com/watch?v=5gtsjkPiW3U,3,unsubbed really amazing,1,0,NA,NA
173,Video6,Top 10 Coolest Smart Wearables To Buy in 2023,https://www.youtube.com/watch?v=5gtsjkPiW3U,3,unsubbed really amazing usual,1,0,NA,NA
174,Video6,Top 10 Coolest Smart Wearables To Buy in 2023,https://www.youtube.com/watch?v=5gtsjkPiW3U,3,really,1,1,0.18,NA
175,Video6,Top 10 Coolest Smart Wearables To Buy in 2023,https://www.youtube.com/watch?v=5gtsjkPiW3U,3,really amazing,1,1,-0.25,NA
176,Video6,Top 10 Coolest Smart Wearables To Buy in 2023,https://www.youtube.com/watch?v=5gtsjkPiW3U,3,really amazing usual,1,1,0.0,NA
177,Video6,Top 10 Coolest Smart Wearables To Buy in 2023,https://www.youtube.com/watch?v=5gtsjkPiW3U,3,amazing,1,1,0.18,NA
178,Video6,Top 10 Coolest Smart Wearables To Buy in 2023,https://www.youtube.com/watch?v=5gtsjkPiW3U,3,amazing usual,1,1,0.2,NA
179,Video6,Top 10 Coolest Smart Wearables To Buy in 2023,https://www.youtube.com/watch?v=5gtsjkPiW3U,3,usual,1,1,0.18,NA
180,Video7,Tracking your health data through wearable devices,https://www.youtube.com/watch?v=RyV7a60p52o,60,apple,32,22,0.17,0.24
181,Video7,Tracking your health data through wearable devices,https://www.youtube.com/watch?v=RyV7a60p52o,60,like,16,13,0.14,0.14
182,Video7,Tracking your health data through wearable devices,https://www.youtube.com/watch?v=RyV7a60p52o,60,people,12,8,0.13,0.15
183,Video7,Tracking your health data through wearable devices,https://www.youtube.com/watch?v=RyV7a60p52o,60,would,10,7,0.14,0.12
184,Video7,Tracking your health data through wearable devices,https://www.youtube.com/watch?v=RyV7a60p52o,60,detection,7,2,0.28,0.4
185,Video7,Tracking your health data through wearable devices,https://www.youtube.com/watch?v=RyV7a60p52o,60,heart,7,5,0.32,0.21
186,Video7,Tracking your health data through wearable devices,https://www.youtube.com/watch?v=RyV7a60p52o,60,wear,7,6,0.18,0.25
187,Video7,Tracking your health data through wearable devices,https://www.youtube.com/watch?v=RyV7a60p52o,60,year,7,4,0.12,0.14
188,Video7,Tracking your health data through wearable devices,https://www.youtube.com/watch?v=RyV7a60p52o,60,even,7,5,0.22,0.15
189,Video7,Tracking your health data through wearable devices,https://www.youtube.com/watch?v=RyV7a60p52o,60,garmin,7,4,0.4,0.31
190,Video7,Tracking your health data through wearable devices,https://www.youtube.com/watch?v=RyV7a60p52o,60,say,7,3,0.08,0.06
191,Video7,Tracking your health data through wearable devices,https://www.youtube.com/watch?v=RyV7a60p52o,60,good,6,6,0.32,0.37
192,Video7,Tracking your health data through wearable devices,https://www.youtube.com/watch?v=RyV7a60p52o,60,health,6,6,0.18,0.26
193,Video7,Tracking your health data through wearable devices,https://www.youtube.com/watch?v=RyV7a60p52o,60,time,6,6,0.15,0.25
194,Video7,Tracking your health data through wearable devices,https://www.youtube.com/watch?v=RyV7a60p52o,60,company,6,6,0.1,0.12
195,Video7,Tracking your health data through wearable devices,https://www.youtube.com/watch?v=RyV7a60p52o,60,great,6,6,0.18,0.13
196,Video7,Tracking your health data through wearable devices,https://www.youtube.com/watch?v=RyV7a60p52o,60,smart,5,5,0.12,0.2
197,Video7,Tracking your health data through wearable devices,https://www.youtube.com/watch?v=RyV7a60p52o,60,use,5,4,0.16,0.23
198,Video7,Tracking your health data through wearable devices,https://www.youtube.com/watch?v=RyV7a60p52o,60,rate,5,4,0.38,0.14
199,Video7,Tracking your health data through wearable devices,https://www.youtube.com/watch?v=RyV7a60p52o,60,really,5,5,0.2,0.27
200,Video7,Tracking your health data through wearable devices,https://www.youtube.com/watch?v=RyV7a60p52o,60,fitbit,5,4,0.22,0.38
201,Video7,Tracking your health data through wearable devices,https://www.youtube.com/watch?v=RyV7a60p52o,60,saying,5,3,0.12,0.01
202,Video7,Tracking your health data through wearable devices,https://www.youtube.com/watch?v=RyV7a60p52o,60,skill,5,3,0.12,0.01
203,Video7,Tracking your health data through wearable devices,https://www.youtube.com/watch?v=RyV7a60p52o,60,thing,5,4,0.21,0.17
204,Video7,Tracking your health data through wearable devices,https://www.youtube.com/watch?v=RyV7a60p52o,60,data,5,5,0.05,0.06
205,Video7,Tracking your health data through wearable devices,https://www.youtube.com/watch?v=RyV7a60p52o,60,trust,5,3,0.09,0.06
206,Video7,Tracking your health data through wearable devices,https://www.youtube.com/watch?v=RyV7a60p52o,60,maybe,5,4,0.14,0.13
207,Video7,Tracking your health data through wearable devices,https://www.youtube.com/watch?v=RyV7a60p52o,60,doctor,5,3,0.08,0.07
208,Video7,Tracking your health data through wearable devices,https://www.youtube.com/watch?v=RyV7a60p52o,60,also,5,4,0.14,0.25
209,Video7,Tracking your health data through wearable devices,https://www.youtube.com/watch?v=RyV7a60p52o,60,person,5,3,0.19,0.12
210,Video8,The Future of Tech is Wearables,https://www.youtube.com/watch?v=vCvwPAZx_o0,13,concerning,4,4,0.1,0.27
211,Video8,The Future of Tech is Wearables,https://www.youtube.com/watch?v=vCvwPAZx_o0,13,concerning reality,4,4,0.1,0.27
212,Video8,The Future of Tech is Wearables,https://www.youtube.com/watch?v=vCvwPAZx_o0,13,reality,4,4,0.1,0.27
213,Video8,The Future of Tech is Wearables,https://www.youtube.com/watch?v=vCvwPAZx_o0,13,textbook,3,3,-0.03,0.06
214,Video8,The Future of Tech is Wearables,https://www.youtube.com/watch?v=vCvwPAZx_o0,13,article,3,3,0.17,0.29
215,Video8,The Future of Tech is Wearables,https://www.youtube.com/watch?v=vCvwPAZx_o0,13,link,2,2,-0.05,0.07
216,Video8,The Future of Tech is Wearables,https://www.youtube.com/watch?v=vCvwPAZx_o0,13,book,2,1,-0.1,NA
217,Video8,The Future of Tech is Wearables,https://www.youtube.com/watch?v=vCvwPAZx_o0,13,check,2,2,0.23,0.32
218,Video8,The Future of Tech is Wearables,https://www.youtube.com/watch?v=vCvwPAZx_o0,13,link textbook,1,1,0.0,NA
219,Video8,The Future of Tech is Wearables,https://www.youtube.com/watch?v=vCvwPAZx_o0,13,link textbook concerning,1,0,NA,NA
220,Video8,The Future of Tech is Wearables,https://www.youtube.com/watch?v=vCvwPAZx_o0,13,link textbook concerning reality,1,0,NA,NA
221,Video8,The Future of Tech is Wearables,https://www.youtube.com/watch?v=vCvwPAZx_o0,13,link textbook concerning reality sorry,1,0,NA,NA
222,Video8,The Future of Tech is Wearables,https://www.youtube.com/watch?v=vCvwPAZx_o0,13,textbook concerning,1,0,NA,NA
223,Video8,The Future of Tech is Wearables,https://www.youtube.com/watch?v=vCvwPAZx_o0,13,textbook concerning reality,1,0,NA,NA
224,Video8,The Future of Tech is Wearables,https://www.youtube.com/watch?v=vCvwPAZx_o0,13,textbook concerning reality sorry,1,0,NA,NA
225,Video8,The Future of Tech is Wearables,https://www.youtube.com/watch?v=vCvwPAZx_o0,13,textbook concerning reality sorry text,1,0,NA,NA
226,Video8,The Future of Tech is Wearables,https://www.youtube.com/watch?v=vCvwPAZx_o0,13,concerning reality sorry,1,1,0.0,NA
227,Video8,The Future of Tech is Wearables,https://www.youtube.com/watch?v=vCvwPAZx_o0,13,concerning reality sorry text,1,1,0.0,NA
228,Video8,The Future of Tech is Wearables,https://www.youtube.com/watch?v=vCvwPAZx_o0,13,concerning reality sorry text book,1,1,0.0,NA
229,Video8,The Future of Tech is Wearables,https://www.youtube.com/watch?v=vCvwPAZx_o0,13,reality sorry,1,1,0.0,NA
230,Video8,The Future of Tech is Wearables,https://www.youtube.com/watch?v=vCvwPAZx_o0,13,reality sorry text,1,1,0.0,NA
231,Video8,The Future of Tech is Wearables,https://www.youtube.com/watch?v=vCvwPAZx_o0,13,reality sorry text book,1,1,0.0,NA
232,Video8,The Future of Tech is Wearables,https://www.youtube.com/watch?v=vCvwPAZx_o0,13,reality sorry text book study,1,1,0.0,NA
233,Video8,The Future of Tech is Wearables,https://www.youtube.com/watch?v=vCvwPAZx_o0,13,sorry,1,1,-0.1,NA
234,Video8,The Future of Tech is Wearables,https://www.youtube.com/watch?v=vCvwPAZx_o0,13,sorry text,1,1,0.0,NA
235,Video8,The Future of Tech is Wearables,https://www.youtube.com/watch?v=vCvwPAZx_o0,13,sorry text book,1,1,0.0,NA
236,Video8,The Future of Tech is Wearables,https://www.youtube.com/watch?v=vCvwPAZx_o0,13,sorry text book study,1,1,0.0,NA
237,Video8,The Future of Tech is Wearables,https://www.youtube.com/watch?v=vCvwPAZx_o0,13,sorry text book study guide,1,1,0.0,NA
238,Video8,The Future of Tech is Wearables,https://www.youtube.com/watch?v=vCvwPAZx_o0,13,text,1,1,-0.1,NA
239,Video8,The Future of Tech is Wearables,https://www.youtube.com/watch?v=vCvwPAZx_o0,13,text book,1,1,-0.1,NA
240,Video9,Biohacking And The Future Of Wearable Technology,https://www.youtube.com/watch?v=oIs1aVWGkUM,3,year,2,2,0.02,0.45
241,Video9,Biohacking And The Future Of Wearable Technology,https://www.youtube.com/watch?v=oIs1aVWGkUM,3,could,2,1,-0.09,NA
242,Video9,Biohacking And The Future Of Wearable Technology,https://www.youtube.com/watch?v=oIs1aVWGkUM,3,e,2,1,-0.09,NA
243,Video9,Biohacking And The Future Of Wearable Technology,https://www.youtube.com/watch?v=oIs1aVWGkUM,3,late,2,2,-0.2,0.15
244,Video9,Biohacking And The Future Of Wearable Technology,https://www.youtube.com/watch?v=oIs1aVWGkUM,3,cyborg,2,1,-0.09,NA
245,Video9,Biohacking And The Future Of Wearable Technology,https://www.youtube.com/watch?v=oIs1aVWGkUM,3,metal,2,1,-0.09,NA
246,Video9,Biohacking And The Future Of Wearable Technology,https://www.youtube.com/watch?v=oIs1aVWGkUM,3,already,1,1,0.33,NA
247,Video9,Biohacking And The Future Of Wearable Technology,https://www.youtube.com/watch?v=oIs1aVWGkUM,3,already replaced,1,1,0.33,NA
248,Video9,Biohacking And The Future Of Wearable Technology,https://www.youtube.com/watch?v=oIs1aVWGkUM,3,already replaced smartphones,1,1,0.33,NA
249,Video9,Biohacking And The Future Of Wearable Technology,https://www.youtube.com/watch?v=oIs1aVWGkUM,3,already replaced smartphones super,1,1,0.0,NA
250,Video9,Biohacking And The Future Of Wearable Technology,https://www.youtube.com/watch?v=oIs1aVWGkUM,3,already replaced smartphones super ai,1,1,0.0,NA
251,Video9,Biohacking And The Future Of Wearable Technology,https://www.youtube.com/watch?v=oIs1aVWGkUM,3,replaced,1,1,0.33,NA
252,Video9,Biohacking And The Future Of Wearable Technology,https://www.youtube.com/watch?v=oIs1aVWGkUM,3,replaced smartphones,1,1,0.33,NA
253,Video9,Biohacking And The Future Of Wearable Technology,https://www.youtube.com/watch?v=oIs1aVWGkUM,3,replaced smartphones super,1,1,0.0,NA
254,Video9,Biohacking And The Future Of Wearable Technology,https://www.youtube.com/watch?v=oIs1aVWGkUM,3,replaced smartphones super ai,1,1,0.0,NA
255,Video9,Biohacking And The Future Of Wearable Technology,https://www.youtube.com/watch?v=oIs1aVWGkUM,3,replaced smartphones super ai evrything,1,1,0.0,NA
256,Video9,Biohacking And The Future Of Wearable Technology,https://www.youtube.com/watch?v=oIs1aVWGkUM,3,smartphones,1,1,0.33,NA
257,Video9,Biohacking And The Future Of Wearable Technology,https://www.youtube.com/watch?v=oIs1aVWGkUM,3,smartphones super,1,1,0.0,NA
258,Video9,Biohacking And The Future Of Wearable Technology,https://www.youtube.com/watch?v=oIs1aVWGkUM,3,smartphones super ai,1,1,0.0,NA
259,Video9,Biohacking And The Future Of Wearable Technology,https://www.youtube.com/watch?v=oIs1aVWGkUM,3,smartphones super ai evrything,1,1,0.0,NA
260,Video9,Biohacking And The Future Of Wearable Technology,https://www.youtube.com/watch?v=oIs1aVWGkUM,3,smartphones super ai evrything itll,1,1,0.0,NA
261,Video9,Biohacking And The Future Of Wearable Technology,https://www.youtube.com/watch?v=oIs1aVWGkUM,3,super,1,1,0.33,NA
262,Video9,Biohacking And The Future Of Wearable Technology,https://www.youtube.com/watch?v=oIs1aVWGkUM,3,super ai,1,1,0.0,NA
263,Video9,Biohacking And The Future Of Wearable Technology,https://www.youtube.com/watch?v=oIs1aVWGkUM,3,super ai evrything,1,1,0.0,NA
264,Video9,Biohacking And The Future Of Wearable Technology,https://www.youtube.com/watch?v=oIs1aVWGkUM,3,super ai evrything itll,1,1,0.0,NA
265,Video9,Biohacking And The Future Of Wearable Technology,https://www.youtube.com/watch?v=oIs1aVWGkUM,3,super ai evrything itll take,1,1,0.0,NA
266,Video9,Biohacking And The Future Of Wearable Technology,https://www.youtube.com/watch?v=oIs1aVWGkUM,3,ai,1,1,0.33,NA
267,Video9,Biohacking And The Future Of Wearable Technology,https://www.youtube.com/watch?v=oIs1aVWGkUM,3,ai evrything,1,1,0.33,NA
268,Video9,Biohacking And The Future Of Wearable Technology,https://www.youtube.com/watch?v=oIs1aVWGkUM,3,ai evrything itll,1,1,0.33,NA
269,Video9,Biohacking And The Future Of Wearable Technology,https://www.youtube.com/watch?v=oIs1aVWGkUM,3,ai evrything itll take,1,1,0.33,NA
270,Video10,5 RIDICULOUS Wearable Gadgets - WTF üòµ‚Äçüí´,https://www.youtube.com/watch?v=G15Pas_12ho,3517,like,437,411,0.03,0.22
271,Video10,5 RIDICULOUS Wearable Gadgets - WTF üòµ‚Äçüí´,https://www.youtube.com/watch?v=G15Pas_12ho,3517,shirt,423,416,0.13,0.3
272,Video10,5 RIDICULOUS Wearable Gadgets - WTF üòµ‚Äçüí´,https://www.youtube.com/watch?v=G15Pas_12ho,3517,look,300,288,0.01,0.23
273,Video10,5 RIDICULOUS Wearable Gadgets - WTF üòµ‚Äçüí´,https://www.youtube.com/watch?v=G15Pas_12ho,3517,bacteria,239,200,0.04,0.2
274,Video10,5 RIDICULOUS Wearable Gadgets - WTF üòµ‚Äçüí´,https://www.youtube.com/watch?v=G15Pas_12ho,3517,would,230,204,0.08,0.29
275,Video10,5 RIDICULOUS Wearable Gadgets - WTF üòµ‚Äçüí´,https://www.youtube.com/watch?v=G15Pas_12ho,3517,look like,216,207,0.01,0.19
276,Video10,5 RIDICULOUS Wearable Gadgets - WTF üòµ‚Äçüí´,https://www.youtube.com/watch?v=G15Pas_12ho,3517,mask,209,194,0.05,0.29
277,Video10,5 RIDICULOUS Wearable Gadgets - WTF üòµ‚Äçüí´,https://www.youtube.com/watch?v=G15Pas_12ho,3517,last,208,208,0.02,0.15
278,Video10,5 RIDICULOUS Wearable Gadgets - WTF üòµ‚Äçüí´,https://www.youtube.com/watch?v=G15Pas_12ho,3517,thing,200,189,0.06,0.28
279,Video10,5 RIDICULOUS Wearable Gadgets - WTF üòµ‚Äçüí´,https://www.youtube.com/watch?v=G15Pas_12ho,3517,get,196,187,0.04,0.26
280,Video10,5 RIDICULOUS Wearable Gadgets - WTF üòµ‚Äçüí´,https://www.youtube.com/watch?v=G15Pas_12ho,3517,alright,188,188,0.0,0.06
281,Video10,5 RIDICULOUS Wearable Gadgets - WTF üòµ‚Äçüí´,https://www.youtube.com/watch?v=G15Pas_12ho,3517,among,186,186,-0.0,0.01
282,Video10,5 RIDICULOUS Wearable Gadgets - WTF üòµ‚Äçüí´,https://www.youtube.com/watch?v=G15Pas_12ho,3517,alright congratulation,185,185,0.0,0.0
283,Video10,5 RIDICULOUS Wearable Gadgets - WTF üòµ‚Äçüí´,https://www.youtube.com/watch?v=G15Pas_12ho,3517,alright congratulation selected,185,185,0.0,0.0
284,Video10,5 RIDICULOUS Wearable Gadgets - WTF üòµ‚Äçüí´,https://www.youtube.com/watch?v=G15Pas_12ho,3517,alright congratulation selected among,185,185,0.0,0.0
285,Video10,5 RIDICULOUS Wearable Gadgets - WTF üòµ‚Äçüí´,https://www.youtube.com/watch?v=G15Pas_12ho,3517,alright congratulation selected among shortlisted,185,185,0.0,0.0
286,Video10,5 RIDICULOUS Wearable Gadgets - WTF üòµ‚Äçüí´,https://www.youtube.com/watch?v=G15Pas_12ho,3517,congratulation,185,185,0.0,0.0
287,Video10,5 RIDICULOUS Wearable Gadgets - WTF üòµ‚Äçüí´,https://www.youtube.com/watch?v=G15Pas_12ho,3517,congratulation selected,185,185,0.0,0.0
288,Video10,5 RIDICULOUS Wearable Gadgets - WTF üòµ‚Äçüí´,https://www.youtube.com/watch?v=G15Pas_12ho,3517,congratulation selected among,185,185,0.0,0.0
289,Video10,5 RIDICULOUS Wearable Gadgets - WTF üòµ‚Äçüí´,https://www.youtube.com/watch?v=G15Pas_12ho,3517,congratulation selected among shortlisted,185,185,0.0,0.0
290,Video10,5 RIDICULOUS Wearable Gadgets - WTF üòµ‚Äçüí´,https://www.youtube.com/watch?v=G15Pas_12ho,3517,congratulation selected among shortlisted winner,185,185,0.0,0.0
291,Video10,5 RIDICULOUS Wearable Gadgets - WTF üòµ‚Äçüí´,https://www.youtube.com/watch?v=G15Pas_12ho,3517,selected,185,185,0.0,0.0
292,Video10,5 RIDICULOUS Wearable Gadgets - WTF üòµ‚Äçüí´,https://www.youtube.com/watch?v=G15Pas_12ho,3517,selected among,185,185,0.0,0.0
293,Video10,5 RIDICULOUS Wearable Gadgets - WTF üòµ‚Äçüí´,https://www.youtube.com/watch?v=G15Pas_12ho,3517,selected among shortlisted,185,185,0.0,0.0
294,Video10,5 RIDICULOUS Wearable Gadgets - WTF üòµ‚Äçüí´,https://www.youtube.com/watch?v=G15Pas_12ho,3517,selected among shortlisted winner,185,185,0.0,0.0
295,Video10,5 RIDICULOUS Wearable Gadgets - WTF üòµ‚Äçüí´,https://www.youtube.com/watch?v=G15Pas_12ho,3517,among shortlisted,185,185,0.0,0.0
296,Video10,5 RIDICULOUS Wearable Gadgets - WTF üòµ‚Äçüí´,https://www.youtube.com/watch?v=G15Pas_12ho,3517,among shortlisted winner,185,185,0.0,0.0
297,Video10,5 RIDICULOUS Wearable Gadgets - WTF üòµ‚Äçüí´,https://www.youtube.com/watch?v=G15Pas_12ho,3517,shortlisted,185,185,0.0,0.0
298,Video10,5 RIDICULOUS Wearable Gadgets - WTF üòµ‚Äçüí´,https://www.youtube.com/watch?v=G15Pas_12ho,3517,shortlisted winner,185,185,0.0,0.0
299,Video10,5 RIDICULOUS Wearable Gadgets - WTF üòµ‚Äçüí´,https://www.youtube.com/watch?v=G15Pas_12ho,3517,winner,185,185,0.0,0.0
300,Video11,What is the future of fitness wearables?,https://www.youtube.com/watch?v=CfW7UKXqLsg,43,fitness,8,7,0.21,0.2
301,Video11,What is the future of fitness wearables?,https://www.youtube.com/watch?v=CfW7UKXqLsg,43,good,8,5,0.25,0.29
302,Video11,What is the future of fitness wearables?,https://www.youtube.com/watch?v=CfW7UKXqLsg,43,monitoring,7,2,0.27,0.33
303,Video11,What is the future of fitness wearables?,https://www.youtube.com/watch?v=CfW7UKXqLsg,43,people,6,6,0.19,0.21
304,Video11,What is the future of fitness wearables?,https://www.youtube.com/watch?v=CfW7UKXqLsg,43,wearable,6,5,0.23,0.18
305,Video11,What is the future of fitness wearables?,https://www.youtube.com/watch?v=CfW7UKXqLsg,43,apple,6,6,0.17,0.18
306,Video11,What is the future of fitness wearables?,https://www.youtube.com/watch?v=CfW7UKXqLsg,43,still,6,5,0.31,0.39
307,Video11,What is the future of fitness wearables?,https://www.youtube.com/watch?v=CfW7UKXqLsg,43,sensor,5,4,0.19,0.23
308,Video11,What is the future of fitness wearables?,https://www.youtube.com/watch?v=CfW7UKXqLsg,43,phone,5,4,0.2,0.14
309,Video11,What is the future of fitness wearables?,https://www.youtube.com/watch?v=CfW7UKXqLsg,43,smart,4,2,0.17,0.09
310,Video11,What is the future of fitness wearables?,https://www.youtube.com/watch?v=CfW7UKXqLsg,43,year,4,3,0.19,0.09
311,Video11,What is the future of fitness wearables?,https://www.youtube.com/watch?v=CfW7UKXqLsg,43,smartwatch,4,4,0.07,0.38
312,Video11,What is the future of fitness wearables?,https://www.youtube.com/watch?v=CfW7UKXqLsg,43,fat,4,3,0.19,0.27
313,Video11,What is the future of fitness wearables?,https://www.youtube.com/watch?v=CfW7UKXqLsg,43,guy,4,3,0.25,0.25
314,Video11,What is the future of fitness wearables?,https://www.youtube.com/watch?v=CfW7UKXqLsg,43,need,4,4,0.24,0.19
315,Video11,What is the future of fitness wearables?,https://www.youtube.com/watch?v=CfW7UKXqLsg,43,company,4,4,0.25,0.2
316,Video11,What is the future of fitness wearables?,https://www.youtube.com/watch?v=CfW7UKXqLsg,43,like,4,4,0.25,0.32
317,Video11,What is the future of fitness wearables?,https://www.youtube.com/watch?v=CfW7UKXqLsg,43,health,4,3,0.12,0.17
318,Video11,What is the future of fitness wearables?,https://www.youtube.com/watch?v=CfW7UKXqLsg,43,time,4,3,0.19,0.14
319,Video11,What is the future of fitness wearables?,https://www.youtube.com/watch?v=CfW7UKXqLsg,43,much,4,3,0.2,0.12
320,Video11,What is the future of fitness wearables?,https://www.youtube.com/watch?v=CfW7UKXqLsg,43,better,4,2,0.14,0.1
321,Video11,What is the future of fitness wearables?,https://www.youtube.com/watch?v=CfW7UKXqLsg,43,wrist,3,3,0.3,0.2
322,Video11,What is the future of fitness wearables?,https://www.youtube.com/watch?v=CfW7UKXqLsg,43,activity,3,3,0.07,0.12
323,Video11,What is the future of fitness wearables?,https://www.youtube.com/watch?v=CfW7UKXqLsg,43,talking,3,3,0.08,0.14
324,Video11,What is the future of fitness wearables?,https://www.youtube.com/watch?v=CfW7UKXqLsg,43,baby,3,2,0.03,0.05
325,Video11,What is the future of fitness wearables?,https://www.youtube.com/watch?v=CfW7UKXqLsg,43,think,3,3,0.34,0.14
326,Video11,What is the future of fitness wearables?,https://www.youtube.com/watch?v=CfW7UKXqLsg,43,want,3,2,0.27,0.05
327,Video11,What is the future of fitness wearables?,https://www.youtube.com/watch?v=CfW7UKXqLsg,43,use,3,2,0.25,0.03
328,Video11,What is the future of fitness wearables?,https://www.youtube.com/watch?v=CfW7UKXqLsg,43,even,3,3,0.15,0.31
329,Video11,What is the future of fitness wearables?,https://www.youtube.com/watch?v=CfW7UKXqLsg,43,tech,3,2,0.15,0.49
330,Video12,What is Wearable Tech and what can I do with it?,https://www.youtube.com/watch?v=hrLX8Woiak8,8,school,2,1,0.5,NA
331,Video12,What is Wearable Tech and what can I do with it?,https://www.youtube.com/watch?v=hrLX8Woiak8,8,colombia,2,2,0.0,0.0
332,Video12,What is Wearable Tech and what can I do with it?,https://www.youtube.com/watch?v=hrLX8Woiak8,8,lemon,1,1,0.0,NA
333,Video12,What is Wearable Tech and what can I do with it?,https://www.youtube.com/watch?v=hrLX8Woiak8,8,lemon school,1,0,NA,NA
334,Video12,What is Wearable Tech and what can I do with it?,https://www.youtube.com/watch?v=hrLX8Woiak8,8,lemon school school,1,0,NA,NA
335,Video12,What is Wearable Tech and what can I do with it?,https://www.youtube.com/watch?v=hrLX8Woiak8,8,lemon school school ok,1,0,NA,NA
336,Video12,What is Wearable Tech and what can I do with it?,https://www.youtube.com/watch?v=hrLX8Woiak8,8,lemon school school ok nooooo,1,0,NA,NA
337,Video12,What is Wearable Tech and what can I do with it?,https://www.youtube.com/watch?v=hrLX8Woiak8,8,school school,1,1,0.5,NA
338,Video12,What is Wearable Tech and what can I do with it?,https://www.youtube.com/watch?v=hrLX8Woiak8,8,school school ok,1,1,0.0,NA
339,Video12,What is Wearable Tech and what can I do with it?,https://www.youtube.com/watch?v=hrLX8Woiak8,8,school school ok nooooo,1,0,NA,NA
340,Video12,What is Wearable Tech and what can I do with it?,https://www.youtube.com/watch?v=hrLX8Woiak8,8,school school ok nooooo either,1,0,NA,NA
341,Video12,What is Wearable Tech and what can I do with it?,https://www.youtube.com/watch?v=hrLX8Woiak8,8,school ok,1,1,0.0,NA
342,Video12,What is Wearable Tech and what can I do with it?,https://www.youtube.com/watch?v=hrLX8Woiak8,8,school ok nooooo,1,0,NA,NA
343,Video12,What is Wearable Tech and what can I do with it?,https://www.youtube.com/watch?v=hrLX8Woiak8,8,school ok nooooo either,1,0,NA,NA
344,Video12,What is Wearable Tech and what can I do with it?,https://www.youtube.com/watch?v=hrLX8Woiak8,8,school ok nooooo either colombia,1,0,NA,NA
345,Video12,What is Wearable Tech and what can I do with it?,https://www.youtube.com/watch?v=hrLX8Woiak8,8,ok,1,1,0.5,NA
346,Video12,What is Wearable Tech and what can I do with it?,https://www.youtube.com/watch?v=hrLX8Woiak8,8,ok nooooo,1,0,NA,NA
347,Video12,What is Wearable Tech and what can I do with it?,https://www.youtube.com/watch?v=hrLX8Woiak8,8,ok nooooo either,1,0,NA,NA
348,Video12,What is Wearable Tech and what can I do with it?,https://www.youtube.com/watch?v=hrLX8Woiak8,8,ok nooooo either colombia,1,0,NA,NA
349,Video12,What is Wearable Tech and what can I do with it?,https://www.youtube.com/watch?v=hrLX8Woiak8,8,ok nooooo either colombia nice,1,0,NA,NA
350,Video12,What is Wearable Tech and what can I do with it?,https://www.youtube.com/watch?v=hrLX8Woiak8,8,nooooo,1,1,0.0,NA
351,Video12,What is Wearable Tech and what can I do with it?,https://www.youtube.com/watch?v=hrLX8Woiak8,8,nooooo either,1,1,0.0,NA
352,Video12,What is Wearable Tech and what can I do with it?,https://www.youtube.com/watch?v=hrLX8Woiak8,8,nooooo either colombia,1,0,NA,NA
353,Video12,What is Wearable Tech and what can I do with it?,https://www.youtube.com/watch?v=hrLX8Woiak8,8,nooooo either colombia nice,1,0,NA,NA
354,Video12,What is Wearable Tech and what can I do with it?,https://www.youtube.com/watch?v=hrLX8Woiak8,8,nooooo either colombia nice good,1,0,NA,NA
355,Video12,What is Wearable Tech and what can I do with it?,https://www.youtube.com/watch?v=hrLX8Woiak8,8,either,1,1,0.0,NA
356,Video12,What is Wearable Tech and what can I do with it?,https://www.youtube.com/watch?v=hrLX8Woiak8,8,either colombia,1,0,NA,NA
357,Video12,What is Wearable Tech and what can I do with it?,https://www.youtube.com/watch?v=hrLX8Woiak8,8,either colombia nice,1,0,NA,NA
358,Video12,What is Wearable Tech and what can I do with it?,https://www.youtube.com/watch?v=hrLX8Woiak8,8,either colombia nice good,1,0,NA,NA
359,Video12,What is Wearable Tech and what can I do with it?,https://www.youtube.com/watch?v=hrLX8Woiak8,8,either colombia nice good job,1,0,NA,NA
360,Video13,Best Of Wearable African Dresses || 50+ Most Gorgeous And Memorable Wearable Dresses For The Women,https://www.youtube.com/watch?v=dcOTU6BT9e4,1,design,2,1,0.49,NA
361,Video13,Best Of Wearable African Dresses || 50+ Most Gorgeous And Memorable Wearable Dresses For The Women,https://www.youtube.com/watch?v=dcOTU6BT9e4,1,lot,1,1,0.49,NA
362,Video13,Best Of Wearable African Dresses || 50+ Most Gorgeous And Memorable Wearable Dresses For The Women,https://www.youtube.com/watch?v=dcOTU6BT9e4,1,lot new,1,1,0.85,NA
363,Video13,Best Of Wearable African Dresses || 50+ Most Gorgeous And Memorable Wearable Dresses For The Women,https://www.youtube.com/watch?v=dcOTU6BT9e4,1,lot new design,1,1,0.85,NA
364,Video13,Best Of Wearable African Dresses || 50+ Most Gorgeous And Memorable Wearable Dresses For The Women,https://www.youtube.com/watch?v=dcOTU6BT9e4,1,lot new design style,1,1,0.85,NA
365,Video13,Best Of Wearable African Dresses || 50+ Most Gorgeous And Memorable Wearable Dresses For The Women,https://www.youtube.com/watch?v=dcOTU6BT9e4,1,lot new design style beautiful,1,1,0.0,NA
366,Video13,Best Of Wearable African Dresses || 50+ Most Gorgeous And Memorable Wearable Dresses For The Women,https://www.youtube.com/watch?v=dcOTU6BT9e4,1,new,1,1,0.49,NA
367,Video13,Best Of Wearable African Dresses || 50+ Most Gorgeous And Memorable Wearable Dresses For The Women,https://www.youtube.com/watch?v=dcOTU6BT9e4,1,new design,1,1,0.85,NA
368,Video13,Best Of Wearable African Dresses || 50+ Most Gorgeous And Memorable Wearable Dresses For The Women,https://www.youtube.com/watch?v=dcOTU6BT9e4,1,new design style,1,1,0.85,NA
369,Video13,Best Of Wearable African Dresses || 50+ Most Gorgeous And Memorable Wearable Dresses For The Women,https://www.youtube.com/watch?v=dcOTU6BT9e4,1,new design style beautiful,1,1,0.0,NA
370,Video13,Best Of Wearable African Dresses || 50+ Most Gorgeous And Memorable Wearable Dresses For The Women,https://www.youtube.com/watch?v=dcOTU6BT9e4,1,new design style beautiful design,1,1,0.0,NA
371,Video13,Best Of Wearable African Dresses || 50+ Most Gorgeous And Memorable Wearable Dresses For The Women,https://www.youtube.com/watch?v=dcOTU6BT9e4,1,design style,1,1,0.49,NA
372,Video13,Best Of Wearable African Dresses || 50+ Most Gorgeous And Memorable Wearable Dresses For The Women,https://www.youtube.com/watch?v=dcOTU6BT9e4,1,design style beautiful,1,1,0.14,NA
373,Video13,Best Of Wearable African Dresses || 50+ Most Gorgeous And Memorable Wearable Dresses For The Women,https://www.youtube.com/watch?v=dcOTU6BT9e4,1,design style beautiful design,1,1,0.14,NA
374,Video13,Best Of Wearable African Dresses || 50+ Most Gorgeous And Memorable Wearable Dresses For The Women,https://www.youtube.com/watch?v=dcOTU6BT9e4,1,design style beautiful design thing,1,1,0.14,NA
375,Video13,Best Of Wearable African Dresses || 50+ Most Gorgeous And Memorable Wearable Dresses For The Women,https://www.youtube.com/watch?v=dcOTU6BT9e4,1,style,1,1,0.49,NA
376,Video13,Best Of Wearable African Dresses || 50+ Most Gorgeous And Memorable Wearable Dresses For The Women,https://www.youtube.com/watch?v=dcOTU6BT9e4,1,style beautiful,1,1,0.14,NA
377,Video13,Best Of Wearable African Dresses || 50+ Most Gorgeous And Memorable Wearable Dresses For The Women,https://www.youtube.com/watch?v=dcOTU6BT9e4,1,style beautiful design,1,1,0.14,NA
378,Video13,Best Of Wearable African Dresses || 50+ Most Gorgeous And Memorable Wearable Dresses For The Women,https://www.youtube.com/watch?v=dcOTU6BT9e4,1,style beautiful design thing,1,1,0.14,NA
379,Video13,Best Of Wearable African Dresses || 50+ Most Gorgeous And Memorable Wearable Dresses For The Women,https://www.youtube.com/watch?v=dcOTU6BT9e4,1,style beautiful design thing fabric,1,1,0.14,NA
380,Video13,Best Of Wearable African Dresses || 50+ Most Gorgeous And Memorable Wearable Dresses For The Women,https://www.youtube.com/watch?v=dcOTU6BT9e4,1,beautiful,1,1,0.49,NA
381,Video13,Best Of Wearable African Dresses || 50+ Most Gorgeous And Memorable Wearable Dresses For The Women,https://www.youtube.com/watch?v=dcOTU6BT9e4,1,beautiful design,1,1,0.14,NA
382,Video13,Best Of Wearable African Dresses || 50+ Most Gorgeous And Memorable Wearable Dresses For The Women,https://www.youtube.com/watch?v=dcOTU6BT9e4,1,beautiful design thing,1,1,0.14,NA
383,Video13,Best Of Wearable African Dresses || 50+ Most Gorgeous And Memorable Wearable Dresses For The Women,https://www.youtube.com/watch?v=dcOTU6BT9e4,1,beautiful design thing fabric,1,1,0.14,NA
384,Video13,Best Of Wearable African Dresses || 50+ Most Gorgeous And Memorable Wearable Dresses For The Women,https://www.youtube.com/watch?v=dcOTU6BT9e4,1,beautiful design thing fabric u,1,1,0.14,NA
385,Video13,Best Of Wearable African Dresses || 50+ Most Gorgeous And Memorable Wearable Dresses For The Women,https://www.youtube.com/watch?v=dcOTU6BT9e4,1,design thing,1,1,0.49,NA
386,Video13,Best Of Wearable African Dresses || 50+ Most Gorgeous And Memorable Wearable Dresses For The Women,https://www.youtube.com/watch?v=dcOTU6BT9e4,1,design thing fabric,1,1,0.49,NA
387,Video13,Best Of Wearable African Dresses || 50+ Most Gorgeous And Memorable Wearable Dresses For The Women,https://www.youtube.com/watch?v=dcOTU6BT9e4,1,design thing fabric u,1,1,0.49,NA
388,Video13,Best Of Wearable African Dresses || 50+ Most Gorgeous And Memorable Wearable Dresses For The Women,https://www.youtube.com/watch?v=dcOTU6BT9e4,1,design thing fabric u number,1,1,0.49,NA
389,Video13,Best Of Wearable African Dresses || 50+ Most Gorgeous And Memorable Wearable Dresses For The Women,https://www.youtube.com/watch?v=dcOTU6BT9e4,1,thing,1,1,0.49,NA
390,Video14,The Worst Wearable Computer,https://www.youtube.com/watch?v=zZZ-Ea8RyjQ,1088,display,392,261,0.09,0.22
391,Video14,The Worst Wearable Computer,https://www.youtube.com/watch?v=zZZ-Ea8RyjQ,1088,lens,276,192,0.06,0.21
392,Video14,The Worst Wearable Computer,https://www.youtube.com/watch?v=zZZ-Ea8RyjQ,1088,would,223,157,0.12,0.23
393,Video14,The Worst Wearable Computer,https://www.youtube.com/watch?v=zZZ-Ea8RyjQ,1088,eye,189,147,0.08,0.25
394,Video14,The Worst Wearable Computer,https://www.youtube.com/watch?v=zZZ-Ea8RyjQ,1088,make,151,134,0.11,0.21
395,Video14,The Worst Wearable Computer,https://www.youtube.com/watch?v=zZZ-Ea8RyjQ,1088,like,148,125,0.11,0.23
396,Video14,The Worst Wearable Computer,https://www.youtube.com/watch?v=zZZ-Ea8RyjQ,1088,could,133,116,0.11,0.22
397,Video14,The Worst Wearable Computer,https://www.youtube.com/watch?v=zZZ-Ea8RyjQ,1088,light,133,94,0.21,0.16
398,Video14,The Worst Wearable Computer,https://www.youtube.com/watch?v=zZZ-Ea8RyjQ,1088,work,116,102,0.08,0.24
399,Video14,The Worst Wearable Computer,https://www.youtube.com/watch?v=zZZ-Ea8RyjQ,1088,see,109,87,0.13,0.2
400,Video14,The Worst Wearable Computer,https://www.youtube.com/watch?v=zZZ-Ea8RyjQ,1088,put,100,92,0.07,0.25
401,Video14,The Worst Wearable Computer,https://www.youtube.com/watch?v=zZZ-Ea8RyjQ,1088,focus,99,88,0.09,0.2
402,Video14,The Worst Wearable Computer,https://www.youtube.com/watch?v=zZZ-Ea8RyjQ,1088,screen,93,68,0.08,0.22
403,Video14,The Worst Wearable Computer,https://www.youtube.com/watch?v=zZZ-Ea8RyjQ,1088,use,87,77,0.06,0.15
404,Video14,The Worst Wearable Computer,https://www.youtube.com/watch?v=zZZ-Ea8RyjQ,1088,glass,80,62,0.1,0.24
405,Video14,The Worst Wearable Computer,https://www.youtube.com/watch?v=zZZ-Ea8RyjQ,1088,world,71,62,0.11,0.23
406,Video14,The Worst Wearable Computer,https://www.youtube.com/watch?v=zZZ-Ea8RyjQ,1088,front,62,54,0.03,0.24
407,Video14,The Worst Wearable Computer,https://www.youtube.com/watch?v=zZZ-Ea8RyjQ,1088,way,59,54,0.08,0.27
408,Video14,The Worst Wearable Computer,https://www.youtube.com/watch?v=zZZ-Ea8RyjQ,1088,thing,59,55,0.12,0.22
409,Video14,The Worst Wearable Computer,https://www.youtube.com/watch?v=zZZ-Ea8RyjQ,1088,need,57,52,0.08,0.21
410,Video14,The Worst Wearable Computer,https://www.youtube.com/watch?v=zZZ-Ea8RyjQ,1088,get,57,55,0.08,0.23
411,Video14,The Worst Wearable Computer,https://www.youtube.com/watch?v=zZZ-Ea8RyjQ,1088,oled,55,47,0.11,0.23
412,Video14,The Worst Wearable Computer,https://www.youtube.com/watch?v=zZZ-Ea8RyjQ,1088,think,55,48,0.09,0.2
413,Video14,The Worst Wearable Computer,https://www.youtube.com/watch?v=zZZ-Ea8RyjQ,1088,look,54,48,0.12,0.26
414,Video14,The Worst Wearable Computer,https://www.youtube.com/watch?v=zZZ-Ea8RyjQ,1088,something,51,48,0.12,0.19
415,Video14,The Worst Wearable Computer,https://www.youtube.com/watch?v=zZZ-Ea8RyjQ,1088,lense,51,40,0.08,0.18
416,Video14,The Worst Wearable Computer,https://www.youtube.com/watch?v=zZZ-Ea8RyjQ,1088,know,51,45,0.09,0.26
417,Video14,The Worst Wearable Computer,https://www.youtube.com/watch?v=zZZ-Ea8RyjQ,1088,behind,50,42,-0.03,0.19
418,Video14,The Worst Wearable Computer,https://www.youtube.com/watch?v=zZZ-Ea8RyjQ,1088,good,49,44,0.37,0.23
419,Video14,The Worst Wearable Computer,https://www.youtube.com/watch?v=zZZ-Ea8RyjQ,1088,still,49,46,0.1,0.24
420,Video15,Growth of Wearable Technology in Healthcare,https://www.youtube.com/watch?v=_iFIMyQJE84,3,webmedy,1,1,0.5,NA
421,Video15,Growth of Wearable Technology in Healthcare,https://www.youtube.com/watch?v=_iFIMyQJE84,3,webmedy provides,1,1,0.5,NA
422,Video15,Growth of Wearable Technology in Healthcare,https://www.youtube.com/watch?v=_iFIMyQJE84,3,webmedy provides latest,1,1,0.0,NA
423,Video15,Growth of Wearable Technology in Healthcare,https://www.youtube.com/watch?v=_iFIMyQJE84,3,webmedy provides latest information,1,1,0.0,NA
424,Video15,Growth of Wearable Technology in Healthcare,https://www.youtube.com/watch?v=_iFIMyQJE84,3,webmedy provides latest information health,1,1,0.0,NA
425,Video15,Growth of Wearable Technology in Healthcare,https://www.youtube.com/watch?v=_iFIMyQJE84,3,provides,1,1,0.5,NA
426,Video15,Growth of Wearable Technology in Healthcare,https://www.youtube.com/watch?v=_iFIMyQJE84,3,provides latest,1,1,0.0,NA
427,Video15,Growth of Wearable Technology in Healthcare,https://www.youtube.com/watch?v=_iFIMyQJE84,3,provides latest information,1,1,0.0,NA
428,Video15,Growth of Wearable Technology in Healthcare,https://www.youtube.com/watch?v=_iFIMyQJE84,3,provides latest information health,1,1,0.0,NA
429,Video15,Growth of Wearable Technology in Healthcare,https://www.youtube.com/watch?v=_iFIMyQJE84,3,provides latest information health technology,1,1,0.0,NA
430,Video15,Growth of Wearable Technology in Healthcare,https://www.youtube.com/watch?v=_iFIMyQJE84,3,latest,1,1,0.5,NA
431,Video15,Growth of Wearable Technology in Healthcare,https://www.youtube.com/watch?v=_iFIMyQJE84,3,latest information,1,1,0.0,NA
432,Video15,Growth of Wearable Technology in Healthcare,https://www.youtube.com/watch?v=_iFIMyQJE84,3,latest information health,1,1,0.0,NA
433,Video15,Growth of Wearable Technology in Healthcare,https://www.youtube.com/watch?v=_iFIMyQJE84,3,latest information health technology,1,1,0.0,NA
434,Video15,Growth of Wearable Technology in Healthcare,https://www.youtube.com/watch?v=_iFIMyQJE84,3,latest information health technology good,1,0,NA,NA
435,Video15,Growth of Wearable Technology in Healthcare,https://www.youtube.com/watch?v=_iFIMyQJE84,3,information,1,1,0.5,NA
436,Video15,Growth of Wearable Technology in Healthcare,https://www.youtube.com/watch?v=_iFIMyQJE84,3,information health,1,1,0.5,NA
437,Video15,Growth of Wearable Technology in Healthcare,https://www.youtube.com/watch?v=_iFIMyQJE84,3,information health technology,1,1,0.5,NA
438,Video15,Growth of Wearable Technology in Healthcare,https://www.youtube.com/watch?v=_iFIMyQJE84,3,information health technology good,1,0,NA,NA
439,Video15,Growth of Wearable Technology in Healthcare,https://www.youtube.com/watch?v=_iFIMyQJE84,3,health,1,1,0.5,NA
440,Video15,Growth of Wearable Technology in Healthcare,https://www.youtube.com/watch?v=_iFIMyQJE84,3,health technology,1,1,0.5,NA
441,Video15,Growth of Wearable Technology in Healthcare,https://www.youtube.com/watch?v=_iFIMyQJE84,3,health technology good,1,0,NA,NA
442,Video15,Growth of Wearable Technology in Healthcare,https://www.youtube.com/watch?v=_iFIMyQJE84,3,technology,1,1,0.5,NA
443,Video15,Growth of Wearable Technology in Healthcare,https://www.youtube.com/watch?v=_iFIMyQJE84,3,technology good,1,0,NA,NA
444,Video15,Growth of Wearable Technology in Healthcare,https://www.youtube.com/watch?v=_iFIMyQJE84,3,good,1,1,0.7,NA
445,Video16,Wearables: The future of everything. | Joanna Berzowska | TEDxYouth@Montreal,https://www.youtube.com/watch?v=NiBMgpUAHt4,5,great,2,2,0.44,0.23
446,Video16,Wearables: The future of everything. | Joanna Berzowska | TEDxYouth@Montreal,https://www.youtube.com/watch?v=NiBMgpUAHt4,5,would,2,2,0.27,0.0
447,Video16,Wearables: The future of everything. | Joanna Berzowska | TEDxYouth@Montreal,https://www.youtube.com/watch?v=NiBMgpUAHt4,5,great presentation,1,1,0.01,NA
448,Video16,Wearables: The future of everything. | Joanna Berzowska | TEDxYouth@Montreal,https://www.youtube.com/watch?v=NiBMgpUAHt4,5,great presentation would,1,1,0.01,NA
449,Video16,Wearables: The future of everything. | Joanna Berzowska | TEDxYouth@Montreal,https://www.youtube.com/watch?v=NiBMgpUAHt4,5,great presentation would done,1,1,0.01,NA
450,Video16,Wearables: The future of everything. | Joanna Berzowska | TEDxYouth@Montreal,https://www.youtube.com/watch?v=NiBMgpUAHt4,5,great presentation would done math,1,1,0.01,NA
451,Video16,Wearables: The future of everything. | Joanna Berzowska | TEDxYouth@Montreal,https://www.youtube.com/watch?v=NiBMgpUAHt4,5,presentation,1,1,0.27,NA
452,Video16,Wearables: The future of everything. | Joanna Berzowska | TEDxYouth@Montreal,https://www.youtube.com/watch?v=NiBMgpUAHt4,5,presentation would,1,1,0.27,NA
453,Video16,Wearables: The future of everything. | Joanna Berzowska | TEDxYouth@Montreal,https://www.youtube.com/watch?v=NiBMgpUAHt4,5,presentation would done,1,1,0.27,NA
454,Video16,Wearables: The future of everything. | Joanna Berzowska | TEDxYouth@Montreal,https://www.youtube.com/watch?v=NiBMgpUAHt4,5,presentation would done math,1,1,0.27,NA
455,Video16,Wearables: The future of everything. | Joanna Berzowska | TEDxYouth@Montreal,https://www.youtube.com/watch?v=NiBMgpUAHt4,5,presentation would done math major,1,1,0.38,NA
456,Video16,Wearables: The future of everything. | Joanna Berzowska | TEDxYouth@Montreal,https://www.youtube.com/watch?v=NiBMgpUAHt4,5,would done,1,1,0.27,NA
457,Video16,Wearables: The future of everything. | Joanna Berzowska | TEDxYouth@Montreal,https://www.youtube.com/watch?v=NiBMgpUAHt4,5,would done math,1,1,0.27,NA
458,Video16,Wearables: The future of everything. | Joanna Berzowska | TEDxYouth@Montreal,https://www.youtube.com/watch?v=NiBMgpUAHt4,5,would done math major,1,1,0.38,NA
459,Video16,Wearables: The future of everything. | Joanna Berzowska | TEDxYouth@Montreal,https://www.youtube.com/watch?v=NiBMgpUAHt4,5,would done math major textile,1,1,0.38,NA
460,Video16,Wearables: The future of everything. | Joanna Berzowska | TEDxYouth@Montreal,https://www.youtube.com/watch?v=NiBMgpUAHt4,5,done,1,1,0.27,NA
461,Video16,Wearables: The future of everything. | Joanna Berzowska | TEDxYouth@Montreal,https://www.youtube.com/watch?v=NiBMgpUAHt4,5,done math,1,1,0.27,NA
462,Video16,Wearables: The future of everything. | Joanna Berzowska | TEDxYouth@Montreal,https://www.youtube.com/watch?v=NiBMgpUAHt4,5,done math major,1,1,0.38,NA
463,Video16,Wearables: The future of everything. | Joanna Berzowska | TEDxYouth@Montreal,https://www.youtube.com/watch?v=NiBMgpUAHt4,5,done math major textile,1,1,0.38,NA
464,Video16,Wearables: The future of everything. | Joanna Berzowska | TEDxYouth@Montreal,https://www.youtube.com/watch?v=NiBMgpUAHt4,5,done math major textile minor,1,1,0.8,NA
465,Video16,Wearables: The future of everything. | Joanna Berzowska | TEDxYouth@Montreal,https://www.youtube.com/watch?v=NiBMgpUAHt4,5,math,1,1,0.27,NA
466,Video16,Wearables: The future of everything. | Joanna Berzowska | TEDxYouth@Montreal,https://www.youtube.com/watch?v=NiBMgpUAHt4,5,math major,1,1,0.38,NA
467,Video16,Wearables: The future of everything. | Joanna Berzowska | TEDxYouth@Montreal,https://www.youtube.com/watch?v=NiBMgpUAHt4,5,math major textile,1,1,0.38,NA
468,Video16,Wearables: The future of everything. | Joanna Berzowska | TEDxYouth@Montreal,https://www.youtube.com/watch?v=NiBMgpUAHt4,5,math major textile minor,1,1,0.8,NA
469,Video16,Wearables: The future of everything. | Joanna Berzowska | TEDxYouth@Montreal,https://www.youtube.com/watch?v=NiBMgpUAHt4,5,math major textile minor university,1,1,0.8,NA
470,Video16,Wearables: The future of everything. | Joanna Berzowska | TEDxYouth@Montreal,https://www.youtube.com/watch?v=NiBMgpUAHt4,5,major,1,1,0.27,NA
471,Video16,Wearables: The future of everything. | Joanna Berzowska | TEDxYouth@Montreal,https://www.youtube.com/watch?v=NiBMgpUAHt4,5,major textile,1,1,0.38,NA
472,Video16,Wearables: The future of everything. | Joanna Berzowska | TEDxYouth@Montreal,https://www.youtube.com/watch?v=NiBMgpUAHt4,5,major textile minor,1,1,0.8,NA
473,Video16,Wearables: The future of everything. | Joanna Berzowska | TEDxYouth@Montreal,https://www.youtube.com/watch?v=NiBMgpUAHt4,5,major textile minor university,1,1,0.8,NA
474,Video16,Wearables: The future of everything. | Joanna Berzowska | TEDxYouth@Montreal,https://www.youtube.com/watch?v=NiBMgpUAHt4,5,major textile minor university sound,1,0,NA,NA
475,Video17,Top 8 Must Have Wearable Tech Devices in 2020,https://www.youtube.com/watch?v=v_mZ1VnG0tw,21,talk,4,2,0.07,0.11
476,Video17,Top 8 Must Have Wearable Tech Devices in 2020,https://www.youtube.com/watch?v=v_mZ1VnG0tw,21,working,3,3,0.07,0.32
477,Video17,Top 8 Must Have Wearable Tech Devices in 2020,https://www.youtube.com/watch?v=v_mZ1VnG0tw,21,many,2,2,0.38,0.18
478,Video17,Top 8 Must Have Wearable Tech Devices in 2020,https://www.youtube.com/watch?v=v_mZ1VnG0tw,21,technology,2,2,0.26,0.01
479,Video17,Top 8 Must Have Wearable Tech Devices in 2020,https://www.youtube.com/watch?v=v_mZ1VnG0tw,21,6,2,2,-0.15,0.21
480,Video17,Top 8 Must Have Wearable Tech Devices in 2020,https://www.youtube.com/watch?v=v_mZ1VnG0tw,21,like,2,2,0.41,0.12
481,Video17,Top 8 Must Have Wearable Tech Devices in 2020,https://www.youtube.com/watch?v=v_mZ1VnG0tw,21,right,2,2,0.08,0.26
482,Video17,Top 8 Must Have Wearable Tech Devices in 2020,https://www.youtube.com/watch?v=v_mZ1VnG0tw,21,foot,2,2,0.16,0.23
483,Video17,Top 8 Must Have Wearable Tech Devices in 2020,https://www.youtube.com/watch?v=v_mZ1VnG0tw,21,foot lettuce,2,2,0.16,0.23
484,Video17,Top 8 Must Have Wearable Tech Devices in 2020,https://www.youtube.com/watch?v=v_mZ1VnG0tw,21,lettuce,2,2,0.16,0.23
485,Video17,Top 8 Must Have Wearable Tech Devices in 2020,https://www.youtube.com/watch?v=v_mZ1VnG0tw,21,talk talk,2,1,0.0,NA
486,Video17,Top 8 Must Have Wearable Tech Devices in 2020,https://www.youtube.com/watch?v=v_mZ1VnG0tw,21,u,2,2,0.0,0.0
487,Video17,Top 8 Must Have Wearable Tech Devices in 2020,https://www.youtube.com/watch?v=v_mZ1VnG0tw,21,amazing,1,1,0.25,NA
488,Video17,Top 8 Must Have Wearable Tech Devices in 2020,https://www.youtube.com/watch?v=v_mZ1VnG0tw,21,amazing many,1,1,0.1,NA
489,Video17,Top 8 Must Have Wearable Tech Devices in 2020,https://www.youtube.com/watch?v=v_mZ1VnG0tw,21,amazing many technology,1,1,0.1,NA
490,Video17,Top 8 Must Have Wearable Tech Devices in 2020,https://www.youtube.com/watch?v=v_mZ1VnG0tw,21,amazing many technology already,1,1,0.1,NA
491,Video17,Top 8 Must Have Wearable Tech Devices in 2020,https://www.youtube.com/watch?v=v_mZ1VnG0tw,21,amazing many technology already happy,1,1,-0.13,NA
492,Video17,Top 8 Must Have Wearable Tech Devices in 2020,https://www.youtube.com/watch?v=v_mZ1VnG0tw,21,many technology,1,1,0.2,NA
493,Video17,Top 8 Must Have Wearable Tech Devices in 2020,https://www.youtube.com/watch?v=v_mZ1VnG0tw,21,many technology already,1,1,0.2,NA
494,Video17,Top 8 Must Have Wearable Tech Devices in 2020,https://www.youtube.com/watch?v=v_mZ1VnG0tw,21,many technology already happy,1,1,0.05,NA
495,Video17,Top 8 Must Have Wearable Tech Devices in 2020,https://www.youtube.com/watch?v=v_mZ1VnG0tw,21,many technology already happy seen,1,1,0.05,NA
496,Video17,Top 8 Must Have Wearable Tech Devices in 2020,https://www.youtube.com/watch?v=v_mZ1VnG0tw,21,technology already,1,1,0.25,NA
497,Video17,Top 8 Must Have Wearable Tech Devices in 2020,https://www.youtube.com/watch?v=v_mZ1VnG0tw,21,technology already happy,1,1,0.14,NA
498,Video17,Top 8 Must Have Wearable Tech Devices in 2020,https://www.youtube.com/watch?v=v_mZ1VnG0tw,21,technology already happy seen,1,1,0.14,NA
499,Video17,Top 8 Must Have Wearable Tech Devices in 2020,https://www.youtube.com/watch?v=v_mZ1VnG0tw,21,technology already happy seen writing,1,1,0.14,NA
500,Video17,Top 8 Must Have Wearable Tech Devices in 2020,https://www.youtube.com/watch?v=v_mZ1VnG0tw,21,already,1,1,0.25,NA
501,Video17,Top 8 Must Have Wearable Tech Devices in 2020,https://www.youtube.com/watch?v=v_mZ1VnG0tw,21,already happy,1,1,0.14,NA
502,Video17,Top 8 Must Have Wearable Tech Devices in 2020,https://www.youtube.com/watch?v=v_mZ1VnG0tw,21,already happy seen,1,1,0.14,NA
503,Video17,Top 8 Must Have Wearable Tech Devices in 2020,https://www.youtube.com/watch?v=v_mZ1VnG0tw,21,already happy seen writing,1,1,0.14,NA
504,Video17,Top 8 Must Have Wearable Tech Devices in 2020,https://www.youtube.com/watch?v=v_mZ1VnG0tw,21,already happy seen writing prediction,1,1,0.14,NA
505,Video18,Wearables As The Next Form Of Digital Payments? | Money Mind | Digital Payments,https://www.youtube.com/watch?v=NHqfsXoSdMQ,4,passport,2,1,-0.2,NA
506,Video18,Wearables As The Next Form Of Digital Payments? | Money Mind | Digital Payments,https://www.youtube.com/watch?v=NHqfsXoSdMQ,4,let,1,1,0.2,NA
507,Video18,Wearables As The Next Form Of Digital Payments? | Money Mind | Digital Payments,https://www.youtube.com/watch?v=NHqfsXoSdMQ,4,let skip,1,1,0.2,NA
508,Video18,Wearables As The Next Form Of Digital Payments? | Money Mind | Digital Payments,https://www.youtube.com/watch?v=NHqfsXoSdMQ,4,let skip b,1,1,0.2,NA
509,Video18,Wearables As The Next Form Of Digital Payments? | Money Mind | Digital Payments,https://www.youtube.com/watch?v=NHqfsXoSdMQ,4,let skip b get,1,1,0.2,NA
510,Video18,Wearables As The Next Form Of Digital Payments? | Money Mind | Digital Payments,https://www.youtube.com/watch?v=NHqfsXoSdMQ,4,let skip b get straight,1,1,0.0,NA
511,Video18,Wearables As The Next Form Of Digital Payments? | Money Mind | Digital Payments,https://www.youtube.com/watch?v=NHqfsXoSdMQ,4,skip,1,1,0.2,NA
512,Video18,Wearables As The Next Form Of Digital Payments? | Money Mind | Digital Payments,https://www.youtube.com/watch?v=NHqfsXoSdMQ,4,skip b,1,1,0.2,NA
513,Video18,Wearables As The Next Form Of Digital Payments? | Money Mind | Digital Payments,https://www.youtube.com/watch?v=NHqfsXoSdMQ,4,skip b get,1,1,0.2,NA
514,Video18,Wearables As The Next Form Of Digital Payments? | Money Mind | Digital Payments,https://www.youtube.com/watch?v=NHqfsXoSdMQ,4,skip b get straight,1,1,0.0,NA
515,Video18,Wearables As The Next Form Of Digital Payments? | Money Mind | Digital Payments,https://www.youtube.com/watch?v=NHqfsXoSdMQ,4,skip b get straight microchip,1,1,0.0,NA
516,Video18,Wearables As The Next Form Of Digital Payments? | Money Mind | Digital Payments,https://www.youtube.com/watch?v=NHqfsXoSdMQ,4,b,1,1,0.2,NA
517,Video18,Wearables As The Next Form Of Digital Payments? | Money Mind | Digital Payments,https://www.youtube.com/watch?v=NHqfsXoSdMQ,4,b get,1,1,0.2,NA
518,Video18,Wearables As The Next Form Of Digital Payments? | Money Mind | Digital Payments,https://www.youtube.com/watch?v=NHqfsXoSdMQ,4,b get straight,1,1,0.0,NA
519,Video18,Wearables As The Next Form Of Digital Payments? | Money Mind | Digital Payments,https://www.youtube.com/watch?v=NHqfsXoSdMQ,4,b get straight microchip,1,1,0.0,NA
520,Video18,Wearables As The Next Form Of Digital Payments? | Money Mind | Digital Payments,https://www.youtube.com/watch?v=NHqfsXoSdMQ,4,b get straight microchip sarcasm,1,1,0.0,NA
521,Video18,Wearables As The Next Form Of Digital Payments? | Money Mind | Digital Payments,https://www.youtube.com/watch?v=NHqfsXoSdMQ,4,get,1,1,0.2,NA
522,Video18,Wearables As The Next Form Of Digital Payments? | Money Mind | Digital Payments,https://www.youtube.com/watch?v=NHqfsXoSdMQ,4,get straight,1,1,0.0,NA
523,Video18,Wearables As The Next Form Of Digital Payments? | Money Mind | Digital Payments,https://www.youtube.com/watch?v=NHqfsXoSdMQ,4,get straight microchip,1,1,0.0,NA
524,Video18,Wearables As The Next Form Of Digital Payments? | Money Mind | Digital Payments,https://www.youtube.com/watch?v=NHqfsXoSdMQ,4,get straight microchip sarcasm,1,1,0.0,NA
525,Video18,Wearables As The Next Form Of Digital Payments? | Money Mind | Digital Payments,https://www.youtube.com/watch?v=NHqfsXoSdMQ,4,get straight microchip sarcasm sound,1,0,NA,NA
526,Video18,Wearables As The Next Form Of Digital Payments? | Money Mind | Digital Payments,https://www.youtube.com/watch?v=NHqfsXoSdMQ,4,straight,1,1,0.2,NA
527,Video18,Wearables As The Next Form Of Digital Payments? | Money Mind | Digital Payments,https://www.youtube.com/watch?v=NHqfsXoSdMQ,4,straight microchip,1,1,0.0,NA
528,Video18,Wearables As The Next Form Of Digital Payments? | Money Mind | Digital Payments,https://www.youtube.com/watch?v=NHqfsXoSdMQ,4,straight microchip sarcasm,1,1,0.0,NA
529,Video18,Wearables As The Next Form Of Digital Payments? | Money Mind | Digital Payments,https://www.youtube.com/watch?v=NHqfsXoSdMQ,4,straight microchip sarcasm sound,1,0,NA,NA
530,Video18,Wearables As The Next Form Of Digital Payments? | Money Mind | Digital Payments,https://www.youtube.com/watch?v=NHqfsXoSdMQ,4,straight microchip sarcasm sound exciting,1,0,NA,NA
531,Video18,Wearables As The Next Form Of Digital Payments? | Money Mind | Digital Payments,https://www.youtube.com/watch?v=NHqfsXoSdMQ,4,microchip,1,1,0.2,NA
532,Video18,Wearables As The Next Form Of Digital Payments? | Money Mind | Digital Payments,https://www.youtube.com/watch?v=NHqfsXoSdMQ,4,microchip sarcasm,1,1,0.2,NA
533,Video18,Wearables As The Next Form Of Digital Payments? | Money Mind | Digital Payments,https://www.youtube.com/watch?v=NHqfsXoSdMQ,4,microchip sarcasm sound,1,0,NA,NA
534,Video18,Wearables As The Next Form Of Digital Payments? | Money Mind | Digital Payments,https://www.youtube.com/watch?v=NHqfsXoSdMQ,4,microchip sarcasm sound exciting,1,0,NA,NA
535,Video19,Wearables incr√≠veis que voc√™ vai pirar,https://www.youtube.com/watch?v=lWEZFEBksdM,2,adooooro,1,1,0.0,NA
536,Video19,Wearables incr√≠veis que voc√™ vai pirar,https://www.youtube.com/watch?v=lWEZFEBksdM,2,adooooro xiaomi,1,1,0.0,NA
537,Video19,Wearables incr√≠veis que voc√™ vai pirar,https://www.youtube.com/watch?v=lWEZFEBksdM,2,adooooro xiaomi um,1,0,NA,NA
538,Video19,Wearables incr√≠veis que voc√™ vai pirar,https://www.youtube.com/watch?v=lWEZFEBksdM,2,adooooro xiaomi um mais,1,0,NA,NA
539,Video19,Wearables incr√≠veis que voc√™ vai pirar,https://www.youtube.com/watch?v=lWEZFEBksdM,2,adooooro xiaomi um mais teis,1,0,NA,NA
540,Video19,Wearables incr√≠veis que voc√™ vai pirar,https://www.youtube.com/watch?v=lWEZFEBksdM,2,xiaomi,1,1,0.0,NA
541,Video19,Wearables incr√≠veis que voc√™ vai pirar,https://www.youtube.com/watch?v=lWEZFEBksdM,2,xiaomi um,1,0,NA,NA
542,Video19,Wearables incr√≠veis que voc√™ vai pirar,https://www.youtube.com/watch?v=lWEZFEBksdM,2,xiaomi um mais,1,0,NA,NA
543,Video19,Wearables incr√≠veis que voc√™ vai pirar,https://www.youtube.com/watch?v=lWEZFEBksdM,2,xiaomi um mais teis,1,0,NA,NA
544,Video19,Wearables incr√≠veis que voc√™ vai pirar,https://www.youtube.com/watch?v=lWEZFEBksdM,2,xiaomi um mais teis ao,1,0,NA,NA
545,Video19,Wearables incr√≠veis que voc√™ vai pirar,https://www.youtube.com/watch?v=lWEZFEBksdM,2,um,1,1,0.0,NA
546,Video19,Wearables incr√≠veis que voc√™ vai pirar,https://www.youtube.com/watch?v=lWEZFEBksdM,2,um mais,1,1,0.0,NA
547,Video19,Wearables incr√≠veis que voc√™ vai pirar,https://www.youtube.com/watch?v=lWEZFEBksdM,2,um mais teis,1,1,0.0,NA
548,Video19,Wearables incr√≠veis que voc√™ vai pirar,https://www.youtube.com/watch?v=lWEZFEBksdM,2,um mais teis ao,1,1,0.0,NA
549,Video19,Wearables incr√≠veis que voc√™ vai pirar,https://www.youtube.com/watch?v=lWEZFEBksdM,2,um mais teis ao meu,1,1,0.0,NA
550,Video19,Wearables incr√≠veis que voc√™ vai pirar,https://www.youtube.com/watch?v=lWEZFEBksdM,2,mais,1,1,0.0,NA
551,Video19,Wearables incr√≠veis que voc√™ vai pirar,https://www.youtube.com/watch?v=lWEZFEBksdM,2,mais teis,1,1,0.0,NA
552,Video19,Wearables incr√≠veis que voc√™ vai pirar,https://www.youtube.com/watch?v=lWEZFEBksdM,2,mais teis ao,1,1,0.0,NA
553,Video19,Wearables incr√≠veis que voc√™ vai pirar,https://www.youtube.com/watch?v=lWEZFEBksdM,2,mais teis ao meu,1,1,0.0,NA
554,Video19,Wearables incr√≠veis que voc√™ vai pirar,https://www.youtube.com/watch?v=lWEZFEBksdM,2,mais teis ao meu ver,1,1,0.0,NA
555,Video19,Wearables incr√≠veis que voc√™ vai pirar,https://www.youtube.com/watch?v=lWEZFEBksdM,2,teis,1,1,0.0,NA
556,Video19,Wearables incr√≠veis que voc√™ vai pirar,https://www.youtube.com/watch?v=lWEZFEBksdM,2,teis ao,1,1,0.0,NA
557,Video19,Wearables incr√≠veis que voc√™ vai pirar,https://www.youtube.com/watch?v=lWEZFEBksdM,2,teis ao meu,1,1,0.0,NA
558,Video19,Wearables incr√≠veis que voc√™ vai pirar,https://www.youtube.com/watch?v=lWEZFEBksdM,2,teis ao meu ver,1,1,0.0,NA
559,Video19,Wearables incr√≠veis que voc√™ vai pirar,https://www.youtube.com/watch?v=lWEZFEBksdM,2,teis ao meu ver smartglasses,1,1,0.0,NA
560,Video19,Wearables incr√≠veis que voc√™ vai pirar,https://www.youtube.com/watch?v=lWEZFEBksdM,2,ao,1,1,0.0,NA
561,Video19,Wearables incr√≠veis que voc√™ vai pirar,https://www.youtube.com/watch?v=lWEZFEBksdM,2,ao meu,1,1,0.0,NA
562,Video19,Wearables incr√≠veis que voc√™ vai pirar,https://www.youtube.com/watch?v=lWEZFEBksdM,2,ao meu ver,1,1,0.0,NA
563,Video19,Wearables incr√≠veis que voc√™ vai pirar,https://www.youtube.com/watch?v=lWEZFEBksdM,2,ao meu ver smartglasses,1,1,0.0,NA
564,Video19,Wearables incr√≠veis que voc√™ vai pirar,https://www.youtube.com/watch?v=lWEZFEBksdM,2,meu,1,1,0.0,NA
